country,date,GDP_cnstn,GDP_growth,GDP_cnstn_usd,GDP_pp_usd,GDP_pp_LCU,Inflatn,forgn_invst,forgn_invst_gdp,Fin_consum,Fin_consum_govern,Ext_balnce_g_s,Fin_consum_hous,Unmploy,Labor_part,GDP_usd
Australia,2022,2552248000000.0,4.25304559238732,1592357665099.43,61200.4588964781,98092.7540596634,7.1995443407201,68709419796.6457,4.05215286724897,71.0717009100082,22.0179536839799,5.22841779415654,49.0537472260283,3.728,66.846,1695627535475.8
Australia,2021,2448128000000.0,2.00694844335034,1527396783519.68,59465.535671364,95312.0004460119,3.06066984761631,31453060427.4531,2.01542405903097,73.3183709600516,22.3669467050339,3.80139290672556,50.9514242550178,5.022,66.056,1560617493202.69
Australia,2020,2399962000000.0,-0.133531904304775,1497345824797.34,58377.7670517802,93568.5131977359,1.86583412216189,17976843681.3118,1.34826011276188,74.2786095165123,21.8138607927779,3.37651067920358,52.4647487237344,6.394,64.98,1333336461648.09
Australia,2019,2403171000000.0,2.19401703622717,1499347932643.95,59181.2997904131,94856.4241175369,3.47660031414854,38745129661.1196,2.7707756042699,74.5795922125016,20.2893843805062,2.1232773369272,54.2902078319954,5.143,66.052,1398349602956.35
Australia,2018,2351577000000.0,2.87417039499501,1467158231105.1,58772.7063152213,94201.526098877,1.84617555303311,60686639529.9229,4.23450805251819,75.3935927231386,19.9423017325165,0.0519219504913385,55.4512909906221,5.345,65.746,1433144978761.67
Australia,2017,2285877000000.0,2.29331030192918,1426167740135.16,57991.771347333,92949.8351291861,3.64623358006087,48199372039.9014,3.62158795648508,75.611735299001,19.8687250416928,0.308268917029761,55.7430102573082,5.604,65.025,1330890554614.09
Australia,2016,2234630000000.0,2.75564065529868,1394194533274.64,57632.9995925594,92374.7919001135,-0.673417495929741,42970225977.7088,3.54660341826145,77.0587242203238,19.8952681410756,-2.40711446065075,57.1634560792482,5.714,64.834,1211588128417.61
Australia,2015,2174703000000.0,2.16434780647852,1356805839935.9,56970.3613028094,91312.7081190603,-0.627407934606055,46892808567.8515,3.456117831131,75.3585232160914,19.1109568570267,-1.52545979333904,56.2475663590647,6.054,64.996,1356805839935.9
Australia,2014,2128632000000.0,2.60118978187332,1328061960035.21,56571.8062524437,90673.8997957291,1.41703057182264,63204516347.8725,4.28599049307814,73.6964746061954,18.6961228698943,-0.307473555966848,55.0003517363011,6.077,64.704,1474677007565.64
Australia,2013,2074666000000.0,2.65445302592404,1294392358274.42,55966.1509270561,89703.1489231144,-0.13127264372919,54472699003.5959,3.43950309398958,73.5568931631295,18.7749964695624,-1.31422967148145,54.7818966935671,5.662,64.939,1583737461925.39
Australia,2012,2021019000000.0,3.95247138119184,1260921781880.75,55465.4462872577,88900.6141386718,1.79728622285839,57571285654.7447,3.70774989384992,72.5539040641476,18.8350599059489,-0.177383503666214,53.7188441581987,5.224,65.152,1552728401401.58
Australia,2011,1944176000000.0,2.39473494330615,1212979128949.21,54296.2321324814,87026.585110204,6.19890348463792,65578266555.523,4.67434620832808,72.5971397448962,18.6079623317755,1.0202045047261,53.9891774131206,5.081,65.42,1402939868653.4
Australia,2010,1898707000000.0,2.21004795300735,1184610839239.74,53768.349733441,86180.4895208052,1.16518778810975,35554698682.4247,3.08482804330762,74.2280607234698,18.7746025195731,-0.926059661229371,55.4534582038967,5.211,65.391,1152566632022.13
Australia,2009,1857652000000.0,1.95484826298522,1158996461663.32,53430.5274781651,85639.024374952,4.99158692120147,28932973452.6035,3.10519028312049,72.4435506493404,18.3714140093164,0.280202131148189,54.072136640024,5.561,65.431,931761689770.843
Australia,2008,1822034000000.0,3.62398503565633,1136774249983.46,53497.275355342,85746.0085907238,4.56770652387168,45170097261.1184,4.26757732505597,74.0033732632516,18.053978978852,-2.54339650730225,55.9493942843996,4.234,65.481,1058448244063.77
Australia,2007,1758313000000.0,3.78947119882653,1097018464974.4,52671.325846724,84422.1678307778,4.98460606552011,44440876036.5147,5.18803286061474,74.1872094557933,18.1383906967195,-1.63795442213782,56.0488187590738,4.377,65.176,856603595823.192
Australia,2006,1694115000000.0,2.7709261737475,1056965077770.63,51682.8925230537,82837.8962636777,5.11166391727404,30551100656.5982,4.07506463386939,74.3916213676298,18.2757770078967,-1.84917942413381,56.1158443597331,4.782,64.756,749708370332.989
Australia,2005,1648438000000.0,3.15548121323168,1028467016034.95,50972.640519744,81699.4967101892,3.82504038533557,-25093141435.1895,-3.60113772652235,75.2947903293668,18.3520869968606,-2.70764782669673,56.9427033325062,5.032,64.398,696811489612.816
Australia,2004,1598013000000.0,4.21894147547516,997006658239.536,50018.5904483861,80170.3349898724,3.23097888916325,42907672820.3755,6.96956991636737,75.6598430218921,18.273055942949,-2.68039021527007,57.3867870789431,5.395,63.46,615643050220.515
Australia,2003,1533323000000.0,3.0912800997751,956646310281.468,48509.6632180363,77751.8101884326,2.98766102822479,8985246029.5004,1.9178050221833,76.1896415412384,18.380148276325,-2.08367518435093,57.8094932649134,5.929,63.586,468517181129.878
Australia,2002,1487345000000.0,3.94980535772942,927960453450.18,47599.4079289312,76292.8432163593,2.84030561949049,14656321800.5385,3.69701188608667,75.6282624045613,18.3184304823244,0.00422339098701967,57.3098319222368,6.368,63.364,396436967262.563
Australia,2001,1430830000000.0,2.03145880248898,892700520464.398,46314.6235297968,74233.5769566542,4.6410705877846,10717133150.6924,2.81762721403267,76.5661066306979,18.5070065635388,0.0857831379697614,58.0591000671592,6.742,63.298,380360222861.197
Australia,2000,1402342000000.0,3.9160574881715,874926744105.928,45979.0765654048,73695.7586715128,2.55398372580686,14892978180.1828,3.57229745403377,75.9467223424816,18.5054297476964,-2.15096039274346,57.4412925947852,6.283,63.138,416901962163.479
Australia,1999,1349495000000.0,5.02822035850596,841955290889.975,44755.6599721318,71734.8533913834,0.481468519255969,2210917991.82997,0.566396956795571,76.3366548031279,18.6973545432216,-2.43595856269776,57.6393002599062,6.872,62.764,390347787943.351
Australia,1998,1284888000000.0,4.67681373479508,801646726961.596,43081.7201718179,69051.8446672067,1.13864487565532,7597610928.17342,1.89768756641746,75.2760257042319,18.2309958610969,-0.876065009411219,57.0450298431351,7.676,62.998,400361527504.578
Australia,1997,1227481000000.0,3.91795814771731,765830271632.661,41569.1653679391,66627.5055518805,1.26950238107841,8088068982.50254,1.85369309475488,74.909108519137,18.2421488952223,0.273705771676295,56.6669596239146,8.362,63.123,436321902767.408
Australia,1996,1181202000000.0,3.86567479160071,736956619705.757,40437.0941864857,64813.0096807273,2.71252593859086,4563952446.39274,1.13541742026476,75.7017442859111,18.5559479564429,-0.452068472801333,57.1457963294683,8.506,63.52,401962517479.122
Australia,1995,1137240000000.0,3.89017188961647,709528553282.314,39407.5647528439,63162.868826355,2.29363374838722,13268875155.4923,3.59858176504927,76.0051872839051,18.6130056645301,-1.95973008403158,57.392181619375,8.469,63.542,368725126225.126
Australia,1994,1094656000000.0,3.97884434177331,682960226532.486,38356.7691976693,61478.6424035583,1.02436773570732,4458484243.65441,1.37918511879287,76.0176851007734,18.7859255359673,-0.513818089991996,57.2317595648061,9.719,62.934,323269456935.317
Australia,1993,1052768000000.0,4.04583374101011,656826136947.271,37246.0044332363,59698.2966868706,0.867009464791877,5312435141.58877,1.69960473993569,77.131514584757,19.3490810344207,-0.319884544833291,57.7826583462216,10.874,62.451,312568858909.5
Australia,1992,1011831000000.0,0.433065864126704,631285380039.566,36117.5446503441,57889.5892041913,1.47952540737002,4941906671.70674,1.51600150077427,77.9331170746093,19.4687112946034,0.271542317900324,58.4644057800059,10.729,62.863,325982966981.415
Australia,1991,1007468000000.0,-0.384631357046658,628563287009.097,36366.6962397612,58288.9320526757,3.0250728041124,2612066526.44483,0.800225253247321,75.3466027401213,18.6066641980889,-0.132245235564831,56.7399385420323,9.579,63.138,326416407860.792
Australia,1990,1011358000000.0,3.57297569098456,630990273460.742,36975.4199007908,59264.6008866737,6.10275272525965,8457776859.55027,2.7122110003886,72.3596575864732,17.6181580837082,-1.92058552811784,54.741499502765,6.926,63.747,311840666465.053
Australia,1989,976469000000.0,3.87901779350344,609222887776.571,36232.1764714618,58073.3223205611,9.22878312753963,8023170406.83781,2.67203599172376,71.8432463654927,17.7604764112952,-1.82749073237932,54.0827699541975,6.175,63.16,300264309002.14
Australia,1988,940006000000.0,5.76137011855324,586473477240.243,35474.6950998214,56859.223027306,7.17607798189694,8476377245.2751,3.58468177779407,73.41920158526,18.4351095712536,-0.658473694898983,54.9840920140064,7.226,62.379,236461079970.431
Australia,1987,888799000000.0,2.5567680273608,554525226538.608,34095.5190957953,54648.6648875907,7.03264088129119,5190522203.0,2.73578890297808,75.7469961459986,19.3429014875399,-1.5939173046405,56.4040946584587,8.106,61.958,189726707252.515
Australia,1986,866641000000.0,3.96976309787884,540700762323.817,33755.0847823788,54103.0131068431,6.54741952828913,5369760088.7,2.93899992450383,75.3451404681506,19.4009908192253,-3.06013062887158,55.9441496489253,8.081,61.887,182707050923.335
Australia,1985,833551000000.0,5.28169814609451,520055779885.535,32939.2895127443,52795.4476704033,4.68222720600157,2098624894.3,1.16035166785059,74.1906890541039,19.2232820299677,-2.04209731664596,54.9674070241362,8.258,60.806,180861108959.102
Australia,1984,791734000000.0,4.5644786594345,493965987482.343,31706.3733417014,50819.3163648053,7.86237717289235,428250491.4,0.221032589176351,75.1562346628276,18.2952309281531,-1.42469185429628,56.8610037346745,8.987,60.55,193749932078.26
Australia,1983,757173000000.0,-2.22582353017135,472403242301.035,30688.5439685755,49187.928493325,10.1588373853176,2990964045.3,1.68482501982837,77.757159124457,18.6253215807009,-2.02648559740205,59.1318375437561,9.961,60.437,177523719680.081
Austria,2022,420314023000.0,5.33096379400371,427972725600.496,47332.4240357971,46485.3958553398,5.02343156333271,14301504457.0346,3.0221599256451,71.4863808597878,20.4896150467344,-0.724954415527277,50.9601998331104,4.992,61.512,473221298968.216
Austria,2021,399041277000.0,4.92309171717903,406312360757.929,45368.6434337368,44556.757706768,1.80187299270295,18998114634.0552,3.95409878611296,71.4680989258799,21.7317961073693,0.874958011010343,49.6708706686341,6.459,61.151,480466363176.806
Austria,2020,380317879000.0,-6.31825509209936,387247796560.501,43428.6983137234,42651.5284970142,2.59313253599376,-12003798872.8906,-2.76332070661681,70.8996415601066,21.1529340170726,3.37796583052568,49.8490947884151,5.201,60.814,434397601557.696
Austria,2019,405967971000.0,1.75497619649288,413365268699.049,46550.5622459492,45717.5257209524,1.47368502823586,-12636357247.4569,-2.85255617561831,70.7629856825548,19.5313211345866,3.58432988144226,51.7439163348153,4.56,61.309,442983642371.842
Austria,2018,398966209000.0,2.48422114080024,406235924915.185,45951.5819164034,45129.2643272947,1.81047996133594,-27839206246.3826,-6.15119207172195,71.0677227791164,19.4423168006638,3.02650897518658,52.2101130103127,4.933,61.323,452582294972.775
Austria,2017,389295254000.0,2.27224992038207,396388751744.592,45056.6385912412,44250.3362861955,0.975317906732371,14031983575.0406,3.38180275607348,71.8948024715715,19.598940636538,3.095992595356,52.804631487086,5.561,61.101,414926138132.691
Austria,2016,380646025000.0,2.11721964494312,387581921834.297,44362.6702805116,43568.7867502805,1.81475082333313,-28502567388.3664,-7.23989904197035,71.8096726250725,19.7584191442748,3.75330956943826,52.5472663085775,6.064,61.134,393687359770.273
Austria,2015,372754004000.0,1.30352331826198,379546097300.633,43915.228020857,43129.3516064831,2.29263470154871,-6847372583.72227,-1.80409511056007,72.344184990602,19.8879548545364,3.67444279838779,53.019440806769,5.802,60.632,379546097300.633
Austria,2014,367957591000.0,0.755798850316665,374662287024.534,43838.8345892137,43054.3252586248,2.00674413208939,1708425859.86856,0.389557041234778,72.9277976810175,19.9847608163281,3.21557420300824,53.8869810416074,5.674,60.599,438556021078.034
Austria,2013,365197433000.0,-0.250726423318454,371851835129.742,43851.3675497404,43066.6339379961,1.70872288191161,-1290975416.81939,-0.302633479129545,73.4446190203496,20.0845066022548,2.79426795540354,54.1170506988398,5.367,60.801,426580502769.417
Austria,2012,366115381000.0,0.628246239479637,372786509411.403,44221.4599530893,43430.1034247842,2.09166476490424,5218620112.78237,1.2830027920872,73.1898372721943,19.9901506497011,2.81019349320623,53.8082812056158,4.909,60.647,406750487603.59
Austria,2011,363829635000.0,2.92746800169145,370459113959.145,44146.1956805294,43356.1860293628,1.81993743804168,22983942931.9264,5.3581277803896,73.0741851387776,20.0232182516466,2.80905539396661,53.7195240977178,4.637,60.357,428954737064.057
Austria,2010,353481575000.0,1.80898243043663,359922497999.326,43035.4073531933,42265.275598309,0.891338694909649,-22007325156.2772,-5.64539670207833,73.9162975913064,20.6211987878032,3.52308166982659,53.8377941652669,4.883,60.287,389827789217.634
Austria,2009,347200774000.0,-3.58626472551299,353527252121.64,42372.4758254763,41614.207432698,1.73939280154138,14300064389.0077,3.58137196898673,73.8984762458064,20.812093929858,3.3733282622964,53.8122156383773,5.371,60.348,399290118782.429
Austria,2008,360115468000.0,1.45330562142114,366677269701.416,44063.8642019916,43275.3278977722,1.93379071320683,6301143681.98323,1.46799597032563,70.9893696989438,19.3986351091914,4.4530783222148,52.1654619573721,4.198,60.08,429234399096.173
Austria,2007,354956860000.0,3.77522468729185,361424664731.668,43568.8302243941,42789.152704356,2.25927088756023,68865787583.4394,17.8058113461032,70.5908694150153,18.8623416708543,4.41600804217518,52.3419326113409,4.909,59.83,386760177589.497
Austria,2006,342043933000.0,3.26933601506059,348276446349.075,42120.1557002022,41366.4026531083,2.04461997957617,10500457158.3387,3.14473468828872,72.3052480485067,19.3952174935544,3.62058654998874,53.5936123405458,5.32,58.971,333905979332.481
Austria,2005,331215389000.0,2.32036514266782,337250591306.488,40989.0131778975,40255.5022716199,2.53196784657297,81096089418.1159,25.8307026071969,73.0045677371403,19.4781411306907,3.2275485575707,54.1765038530077,5.682,58.456,313952317330.776
Austria,2004,323704268000.0,2.56525534067859,329602607297.434,40333.3307183894,39611.5534499287,1.72796196359026,3183649650.0,1.0640170021225,72.7082927279391,19.0332382539184,2.96417801972462,54.2664724445086,5.969,58.041,299210411454.823
Austria,2003,315608114000.0,1.14156504542775,321358930178.288,39569.2885567329,38861.1840560453,1.26700269317527,6195021860.0,2.37557550248335,73.0417752485327,19.088358925098,2.76921886016437,54.3931776523442,4.779,59.149,260779834340.097
Austria,2002,312045907000.0,1.48436877605324,317731814841.85,39313.7225107545,38610.1914424934,1.10421528982809,138346430.0,0.0650010498093938,72.2200157510895,18.9765669389252,3.71761308328935,53.9317389670146,4.852,58.93,212837224022.813
Austria,2001,307481744000.0,1.31698749571339,313084486481.847,38929.753800545,38233.093969593,1.93728378622546,5689434550.0,2.89572243102078,72.9767075302536,19.0757989319958,1.70736364263688,54.3952563562179,4.007,58.237,196477206829.33
Austria,2000,303484886000.0,3.18952292988787,309014800203.266,38571.0858780001,37880.8445190366,1.36731376651514,8501013450.0,4.33323688730786,72.8961535438493,19.3282687281008,1.33957519206717,54.1709455037966,4.687,58.685,196181599831.287
Austria,1999,294104360000.0,3.76192435190464,299463348050.583,37468.8698869794,36798.3530197224,0.219322750162448,2974499990.0,1.37439937408037,73.1475963450506,19.9204421915907,0.455692199322266,53.8393682178094,4.699,58.966,216421809125.916
Austria,1998,283441505000.0,3.49288002962309,288606201090.647,36180.7490571265,35533.2835054306,0.482062104538755,4571855710.0,2.1061851136777,73.6809915480494,19.6604112826844,-0.226340414734237,54.6022329086063,5.483,58.816,217068085815.918
Austria,1997,273875367000.0,2.1458350552646,278865754830.707,34998.0321173934,34371.7316464612,1.26254390282013,2668974820.0,1.26058669809025,74.1438540730192,19.6994349775578,-0.815608855733271,55.0379250609079,5.15,58.41,211724812267.448
Austria,1996,268121913000.0,2.21576713087359,273007464944.44,34301.6562151382,33687.8176036061,0.960435922758222,4323513090.0,1.83236524365315,74.9352193682918,19.6734069943384,-1.59384513711974,55.8134739527592,5.282,58.818,235952581232.129
Austria,1995,262309740000.0,2.66798388882503,267089386116.812,33603.4278263558,33002.0842250359,1.81391797405659,1825090250.0,0.760156006172297,74.2893202395371,19.666689628253,-1.19500390746777,55.1545223617333,4.345,59.425,240094169510.031
Austria,1994,255493222000.0,2.40211843259056,260148661734.735,32780.3419423369,32193.7277142301,2.52494338617741,2075823590.0,1.02389456006068,74.8987017171432,19.5208265345441,-1.67659546143596,55.9221342479867,3.535,59.063,202738023129.743
Austria,1993,249499938000.0,0.526809769496765,254046171814.293,32134.8299135937,31559.7673203398,2.75708415524119,1125106120.0,0.593303914874108,75.0827087946301,19.3763102383694,-0.338583264900741,56.2570111370008,4.25,56.69,189634029338.696
Austria,1992,248192436000.0,2.0935244262602,252714845320.178,32231.1216141522,31654.3358515155,3.47909350597352,1485517750.0,0.764493296897433,74.335848107877,18.5626189584472,-1.32482393611731,56.3345454073976,3.59,56.58,194314032056.098
Austria,1991,243103015000.0,3.44162748808654,247532688033.224,31919.5573520278,31348.3471269938,3.64187130431861,360000000.0,0.207956112477992,73.3105390395902,18.2291968557384,-0.870843623062506,55.636932755043,3.42,55.84,173113449616.971
Austria,1990,235014685000.0,4.34564183768971,239296977478.175,31167.1857978698,30609.4394915243,2.99968051452424,653000000.0,0.393820997085781,73.618885030215,18.0463589294257,-0.0939114365113532,56.1372165290464,3.25,55.44,165811372382.912
Austria,1989,225227121000.0,3.88707478685015,229331070530.385,30097.6512878468,29559.0446281265,2.96476071992421,581979789.4,0.438950266827535,73.8957869193341,18.2574981773408,-0.509953930244417,56.201369459308,3.14,54.89,132584448257.93
Austria,1988,216799945000.0,3.2958798164712,220750339732.747,29102.3222540003,28581.5273112515,1.52685526836818,445427083.5,0.335368714298779,74.5465405407827,18.5863052916521,-0.422354833036891,56.5238961010584,3.55,54.78,132817124707.456
Austria,1987,209882471000.0,1.35716799468845,213706819792.775,28213.6633992636,27708.7712780606,2.43694801180838,395491398.0,0.319764480092267,75.2942618186384,18.8258204002414,-0.0414786790033353,57.0363735526043,3.79,55.0,123682091858.946
Austria,1986,207072154000.0,2.30139279474186,210845294931.656,27853.5049872765,27355.0580108257,2.95099763334878,183400907.8,0.18591399244294,75.4389104206425,18.8593075512545,-0.0192461893047688,57.14869528196,3.12,54.57,98648254168.5444
Austria,1985,202413817000.0,2.49867884980837,206102076591.173,27244.2148386511,26756.6712954487,2.96299532966935,169167935.4,0.244762996696924,76.0230086788361,18.6508968882493,-0.241467322562953,57.9548469501558,3.6,54.29,69114996009.577
Austria,1984,197479440000.0,0.0512751573205321,201077788420.254,26592.5469190439,26116.6651722411,4.94977323362313,115239999.9,0.170173666162345,75.9198001256806,18.4610404120009,-1.07719304826993,58.0449904077148,3.8,54.69,67719055773.3306
Austria,1983,197378234000.0,2.97308783817583,200974738307.012,26577.2454719789,26101.6375492435,3.47278368657844,216120000.0,0.300841351781652,76.9677701111502,18.4184640717763,-1.52175006050192,59.1513789239408,4.11,53.9,71838528420.4075
Belgium,2022,512250600000.0,3.9562379757933,519614510458.488,44486.7438563594,43856.2834058634,6.6990376118661,13136474102.1507,2.22243107053374,75.0498789347972,23.5865586358746,-2.33634195490505,50.0386507184722,5.57,55.095,591085783326.267
Belgium,2021,492756000000.0,6.25445686466593,499839663858.827,43140.9676652971,42529.5793830503,2.69731875410955,33980656225.5414,5.6774240968721,73.6841543634665,23.8396339313803,1.86881777035818,48.9732973524999,6.248,54.484,598522422241.851
Belgium,2020,463750900000.0,-4.7929839083518,470417598101.755,40769.0218072962,40191.2484387193,1.59611667576401,-30140703656.7745,-5.69020542304612,74.4878123147578,24.3008045914304,1.44361983987524,49.0505786619498,5.545,53.814,529694473501.791
Belgium,2019,487097400000.0,2.4428900448156,494099718080.569,43006.4042308863,42396.9229644407,1.85424076568934,-10587088044.237,-1.97252997818915,74.8549416210288,23.0038112825895,0.469376147290335,51.2398400733849,5.364,54.393,536726344405.489
Belgium,2018,475481900000.0,1.87796847383565,482317238282.145,42208.3625650272,41610.1910431158,1.71728236623039,-41601387266.7493,-7.66649538713467,75.760002681223,23.1696191313969,-1.3115794449433,51.8410774686295,5.941,54.184,542638913427.921
Belgium,2017,466717100000.0,1.47446761556785,473426439010.72,41619.328629169,41029.504820944,1.98316343604859,-37288840312.453,-7.4442379017663,75.6834350006044,23.1178023270709,-0.0152681327682546,51.6628507611063,7.09,53.838,500908767351.53
Belgium,2016,459935500000.0,1.19350273007754,466547349432.055,41172.8862831209,40589.3893987886,1.89528913569444,57538351507.0684,12.1319420227113,75.6398565957573,23.3498908084191,0.178566802445275,51.4852598951005,7.83,53.11,474271566739.729
Belgium,2015,454510900000.0,1.47416433731927,461044767544.531,40893.804537772,40314.2627642805,1.12183851916816,-19514245854.7287,-4.23261410354123,75.9908359764931,23.681203644432,0.686796394072263,51.4826802843543,8.482,53.31,461044767544.531
Belgium,2014,447908000000.0,1.76554038149924,454346946885.841,40533.9135027898,39959.4720590679,0.840395740063599,-15205871357.966,-2.82643623555084,76.5202738158472,24.1169029008666,0.22143020651756,51.5609878844316,8.523,53.506,537987419164.351
Belgium,2013,440137200000.0,0.305494549070232,446464436962.24,40007.8997891411,39440.9129445678,1.41248965471736,-29640924980.1455,-5.65561784857252,77.0418505267015,24.205791803329,0.249204100286785,52.2303564247093,8.425,53.559,524097026598.55
Belgium,2012,438796700000.0,0.215803612089744,445104666468.521,40074.492800399,39506.5622081777,2.20573642403188,11810272330.6796,2.36956900950954,76.6971210891312,24.1930798182891,-0.285357156574466,51.708082979902,7.542,53.249,498414364944.961
Belgium,2011,437851800000.0,1.93115502411325,444146182962.729,40236.9596308558,39666.7265794694,2.29252172328242,163624381384.583,31.0366884311298,75.7432301488018,23.8730556199494,-0.222788184358147,51.1646346067833,7.14,53.199,527196649048.639
Belgium,2010,429556400000.0,2.71031150254662,435731531598.616,39991.5646206286,39424.8092759765,1.70310444520605,125491894873.015,26.0596407490286,76.1117094259921,23.7260022508386,1.49401611706123,51.4235948226308,8.293,54.07,481556503720.001
Belgium,2009,418221300000.0,-1.90644105515335,424233482718.834,39293.637546825,38736.7731354987,0.781821174283053,77354509260.1055,15.948905674901,75.9198458365841,24.1041091935264,2.05374841581906,51.1863778987959,7.908,53.473,485014525992.461
Belgium,2008,426349400000.0,0.446905130727231,432478429044.827,40380.9075004042,39808.6344382007,1.90886937353629,190391844688.586,36.8029204549975,73.3904375096484,22.6661446948071,0.672792159959925,50.7242928148413,6.976,53.678,517328087920.078
Belgium,2007,424452500000.0,3.67692462515802,430554259966.472,40520.0843207009,39945.8388623808,1.93167835957435,96551634531.2489,20.5026740062328,71.2615633191306,21.6158948183584,4.13516253034976,49.6456685007722,7.459,53.586,470922156309.453
Belgium,2006,409399200000.0,2.55234087322462,415284559725.448,39371.0858277448,38813.1238292758,2.26471618933262,58821552824.3717,14.4078713936675,71.9869660758139,21.9387885339603,4.0424848109266,50.0481775418536,8.246,53.114,408259840868.823
Belgium,2005,399210000000.0,2.32173792911834,404948883847.345,38645.2605193362,38097.5848244096,2.08307333949642,33662010793.5663,8.72717720186463,72.2823296271162,22.093997631255,4.03660717280743,50.1883319958611,8.44,53.299,385714762230.039
Belgium,2004,390151700000.0,3.57120671942319,395760365336.901,37976.6972967442,37438.4963943954,1.91498861024229,44498165771.1404,12.0521106747569,72.4387902824509,22.1972126513166,4.89414954600385,50.2415776311343,7.363,52.03,369214712443.206
Belgium,2003,376699000000.0,1.03795518162204,382114274683.528,36826.2699296094,36304.3727369339,1.85011626988718,34559267489.7082,10.8648744877518,73.6778281096528,22.4843723439742,5.35746418388038,51.1934557656787,7.68,51.348,318082528506.588
Belgium,2002,372829200000.0,1.70689430349601,378188843981.109,36600.862592332,36082.1598436433,1.63999808262712,18118954671.3727,7.01242443993657,73.6751521193138,22.1388815392458,5.57744590327235,51.536270580068,6.91,51.188,258383599375.177
Belgium,2001,366572200000.0,1.09960362419645,371841895842.954,36148.2880924306,35635.9991717356,1.98281811777269,88203254000.0,37.2564694834172,73.7190964946361,21.3136063380204,3.64707800596894,52.4054901566157,6.178,50.891,236746141604.37
Belgium,2000,362585200000.0,3.71670510672588,367797580320.048,35878.3153586195,35369.8524570174,2.01459208675317,88738714000.0,37.4753122979087,73.3523834487106,21.0401971476314,2.86465524907909,52.3121863010792,6.586,52.293,236792460312.471
Belgium,1999,349591900000.0,3.54271798823922,354617493817.972,34676.6051555263,34185.1727373971,0.598922533902964,119692913000.0,46.3484571485071,73.3548596907402,21.2820398534755,3.95612849122355,52.0728198372647,8.649,51.911,258245733221.468
Belgium,1998,337630600000.0,1.96183240455609,342484242936.573,33566.9875919507,33091.2805321725,1.80561940538095,22690500000.0,8.77679407696031,74.0117735158655,21.0949180608347,3.639567404539,52.9168554550308,9.322,50.852,258528339631.029
Belgium,1997,331134300000.0,3.79367165541437,335894554716.996,32991.5010116146,32523.9496741312,0.757610794464298,11998300000.0,4.74788988025515,73.8154363089939,21.1513979156766,3.88422210471594,52.6640383933173,8.95,50.52,252708051420.839
Belgium,1996,319031300000.0,1.32143214432601,323617566812.874,31862.6693868132,31411.1157069018,0.476638370360092,14063900000.0,5.03718760952012,75.1972470578024,21.7183862211024,3.1720061543602,53.4788608366999,9.483,50.406,279201433224.756
Belgium,1995,314870500000.0,2.38475724870135,319396952810.439,31508.622663522,31062.0864885416,1.22076961059385,10688700000.0,3.71102444734668,74.3590523214741,21.2989651245599,3.85017561479431,53.0600871969142,9.337,50.531,288025588396.278
Belgium,1994,307536501000.0,3.22697145426247,311957523163.918,30839.2414336465,30402.1916439386,2.09430484552642,8513580000.0,3.47657482650626,74.4172306467761,21.1019338255165,3.61761865723349,53.3117100400584,9.645,50.33,244884129491.198
Belgium,1993,297922623000.0,-0.961873076923027,302205439885.582,29967.3944241601,29542.7003388873,3.99323167827308,10750000000.0,4.78369263919673,74.9555259588903,21.2946426523691,3.20274531820055,53.6579427925736,8.078,49.73,224721795708.955
Belgium,1992,300816092000.0,1.53065475142162,305140504242.68,30376.8745342462,29946.3773491666,3.42452475554731,11285800000.0,4.80693439303708,75.1039590820435,20.9609310665367,2.54857316184278,54.133773040315,6.702,49.632,234781652446.675
Belgium,1991,296281052000.0,1.83307441343001,300540270315.165,30040.5508404095,29614.8199917517,2.87662434284985,9362560000.0,4.44753957098212,75.6518586693788,20.8629258399334,1.86917204775884,54.7753984130007,6.984,49.272,210510999409.333
Belgium,1990,290947763000.0,3.13740221731629,295130312078.184,29609.6207516724,29189.9969891784,2.81240381117954,8046730000.0,3.91889227088431,74.412494601604,20.2172850732894,1.75953083661411,54.177396144149,7.25,48.339,205331747947.851
Belgium,1989,282097238000.0,3.46916697570174,286152555458.327,28794.6548841575,28386.5807138213,4.79745736975174,7020270000.0,4.27489029065365,74.6672518879114,20.4558333384452,2.19656519091369,54.1957849707285,8.284,48.398,164221056511.057
Belgium,1988,272638938000.0,4.72320872854138,276558286707.311,27930.4858968463,27534.6586189958,2.16899005119461,5212470000.0,3.2116443541361,75.9446191033637,21.1432035444767,2.3932198944929,54.7911779983393,10.127,48.643,162299103675.261
Belgium,1987,260342422000.0,2.30665968936027,264085000894.302,26755.6980811501,26376.5197461377,1.68411075658794,2354920000.0,1.57631071531358,78.6081123443085,22.5216395173423,1.81642621103067,56.086566126389,11.257,49.108,149394404105.889
Belgium,1986,254472605000.0,1.82276203316596,258130801744.636,26174.7550878409,25803.8098027109,2.79678093169639,729860000.0,0.608121458920649,79.1021001204548,22.687508927644,2.23907513125259,56.414327854351,11.28,49.871,120018787249.413
Belgium,1985,249917209000.0,1.65179297063331,253509919187.379,25715.3579688704,25350.9232010199,4.62774206584977,1051490000.0,1.21886073677275,80.1069660287827,22.8336885831274,1.03166874442395,57.2706006094366,11.321,49.954,86268264148.3796
Belgium,1984,245856174000.0,2.46638245146747,249390504366.821,25305.0320542767,24946.4123728663,5.43871760682222,389370000.0,0.467153203211123,79.8462427301305,23.3482159754814,0.593968330662434,56.5060416726991,11.882,49.737,83349530159.1734
Belgium,1983,239938376000.0,0.311843009473307,243387634461.423,24695.5649688117,24345.5825770736,5.61285004299388,1289700000.0,1.47928113384372,81.0201693712206,23.4186755594308,0.395690649368483,57.6041262474897,11.66,50.679,87184239053.2544
Canada,2022,2451212762000.0,4.18903628100851,1778503389905.0,45677.686578804,62955.0266342654,7.90676213077326,50229920776.0187,2.29317324184365,74.0815660799596,20.4184233971953,0.568759777476902,53.0789493991456,5.279,65.437,2190411080134.32
Canada,2021,2352659022000.0,5.95052802804381,1706996679677.69,44639.193269037,61523.7287977802,7.78502011074684,60189690111.8854,2.97618288160973,75.5767576013067,21.2842897783513,0.103319880716803,53.8181822483826,7.527,65.39,2022378748423.23
Canada,2020,2220526000000.0,-5.03823343468899,1611126165625.03,42366.1285377884,58390.8895185781,1.07081026105622,29123011879.2998,1.75897085668576,79.5248963533865,22.7011077555498,-2.20947649340742,56.8237885978367,9.657,64.319,1655684730000.19
Canada,2019,2338336870000.0,1.90843194590616,1696605090551.84,45100.2915069262,62159.234972053,1.54607073393581,48942300762.2452,2.80676687017653,78.4180504269821,20.6634960880685,-1.466093639983,57.7545543389136,5.69,66.053,1743725183672.52
Canada,2018,2294547002000.0,2.74296344906655,1664832887873.71,44907.3436912123,61893.3056795015,1.65111818043586,42603762048.597,2.46931207254863,78.5683678106627,20.6814326967462,-1.94907839790452,57.8869351139165,5.837,65.795,1725329192783.02
Canada,2017,2233288709000.0,3.03383491200222,1620386284360.03,44339.3886689254,61110.5247150266,2.57101464490069,25357801000.4969,1.53752071953934,78.6795637381513,20.7033313853187,-2.1922405485086,57.9762323528326,6.426,66.046,1649265644244.09
Canada,2016,2167529444000.0,1.03855092490855,1572673952924.25,43551.3425975115,60024.4044420724,0.716978150638226,34201872160.6084,2.23835012140903,79.5323502505266,21.0480401948524,-2.35853970288314,58.4843100556742,7.038,65.923,1527994741907.43
Canada,2015,2145249931000.0,0.649971001734855,1556508816217.14,43594.1941045394,60083.4643018927,-0.86765132022812,59986208237.0734,3.85389453706153,78.6867941894313,20.8778251262785,-2.46498014008949,57.8089690631528,6.945,66.178,1556508816217.14
Canada,2014,2131396472000.0,2.87346677785811,1546457292263.22,43643.2356440047,60151.055540733,1.94119897153296,64174605785.6346,3.55390337011002,76.0628744240931,20.266560128167,-0.905510409810632,55.7963142959261,7.023,66.31,1805749878439.94
Canada,2013,2071862200000.0,2.32581354806429,1503261570451.97,42851.170527104,59059.3960398839,1.74073793145678,67027866778.2681,3.62980398357005,76.6651999817059,20.7043347111761,-1.56719756456699,55.9608652705298,7.143,66.82,1846597421834.98
Canada,2012,2024769829000.0,1.75566129145483,1469093201732.39,42320.6431330726,58328.1995033905,1.21844374115912,49368985104.199,2.70016900895675,77.078160359675,21.0578451788387,-1.88949789432494,56.0203151808363,7.392,66.844,1828366481521.6
Canada,2011,1989835065000.0,3.13719442170364,1443745913580.69,42043.6419795513,57946.4241486433,3.24445514350185,38338330427.428,2.13783310760835,77.0486166500288,21.1458668604215,-1.1419549362114,55.9027497896072,7.637,66.906,1793326630174.52
Canada,2010,1929308894000.0,3.09080634469335,1399830508940.89,41164.3399119626,56734.5307882144,2.84863779561802,29714744325.474,1.83725638740881,78.473823651928,21.4754574603582,-1.87335763838453,56.9983661915697,8.178,67.052,1617343367486.26
Canada,2009,1871465519000.0,-2.91508621550267,1357861635362.94,40376.4153847836,55648.5780329502,-2.3249220964199,20951090410.3131,1.52413118076926,79.5375139849325,21.9645855050549,-1.44272318934103,57.5729284798776,8.46,67.275,1374625142157.29
Canada,2008,1927658424000.0,0.995406301140747,1398632992945.77,42067.5687072607,57979.4010328298,3.99631646454166,70119614332.5094,4.5151371416977,74.1807681166417,19.7194394824506,1.76640274223917,54.4613286341911,6.284,67.596,1552989690721.65
Canada,2007,1908659507000.0,2.04990463726786,1384848127424.16,42106.8724378248,58033.5711887596,3.30054561773289,120451484862.004,8.20055904886214,73.9786772815436,19.2505356033619,2.17569057971933,54.7281416781816,6.156,67.46,1468820407783.26
Canada,2006,1870319736000.0,2.63794375007348,1357030300367.79,41663.5123057295,57422.5124636976,2.57017272496486,64302303096.8667,4.87410128955104,73.6677905669883,19.2487641773811,2.75275395670378,54.4190263896072,6.484,67.192,1319264809590.97
Canada,2005,1822249811000.0,3.21045439063563,1322152656986.39,41006.2229523971,56516.6069364097,3.11663847078417,25552226940.928,2.17816380917593,73.381950838965,19.0759109803014,3.95428163027857,54.3060398586636,6.758,67.142,1173108598778.68
Canada,2004,1765567085000.0,3.09236384292251,1281025904587.38,40108.7587456658,55279.6817050806,3.26087388991925,1452416545.21802,0.141465896048034,74.1358244667312,19.4174844503805,4.4631226211403,54.7183400163507,7.185,67.487,1026690238278.25
Canada,2003,1712607044000.0,1.80638512302554,1242600185731.73,39270.0234577749,54123.6992912783,3.2497370189635,7011792709.04631,0.782967555453216,75.5717908542155,19.8962017689692,3.89187578004084,55.6755890852462,7.574,67.561,895540646634.787
Canada,2002,1682219678000.0,2.99925535017809,1220552310378.31,38921.6673033743,53643.5792891266,1.25752345464498,24486425376.8819,3.21914767807145,75.7903034882679,19.7787192119877,4.41028510824027,56.0115842762801,7.665,66.862,760649334098.005
Canada,2001,1633234796000.0,1.87509810696022,1185010810251.65,38200.456120621,52649.5738431452,1.57367679192531,28391098831.3381,3.84192129292476,74.6034852582053,19.5093203790186,5.73569178749448,55.0941648791867,7.219,65.907,738981792355.372
Canada,2000,1603173716000.0,5.1385391803606,1163199675162.51,37906.8601321366,52244.9267460803,4.37419903632332,68303350856.0836,9.17102428671511,73.6410132153413,19.1064161806335,5.6531137918907,54.5345970347078,6.829,65.762,744773415931.587
Canada,1999,1524820231000.0,5.14100353715349,1106349473970.81,36391.535343959,50156.4384809248,1.92385558641482,27456044687.0987,4.04710363964717,75.5686232100461,19.3207377194749,3.60734068380631,56.2478854905712,7.583,65.529,678412196271.118
Canada,1998,1450262200000.0,3.89288654344983,1052253104641.38,34894.6134264056,48093.3138735434,-0.176225269281474,24979208298.1648,3.93993821737615,76.9199363343785,19.8366043300703,1.97716415799876,57.0833320043082,8.278,65.126,634000000000.0
Canada,1997,1395920595000.0,4.28016683621337,1012824977387.95,33867.0079071879,46677.0220760098,1.14412833225038,15182400421.6905,2.31796973451973,76.7298309065548,19.8533457566752,1.92933029733321,56.8764851498795,9.1,64.872,654986999855.554
Canada,1996,1338625203000.0,1.68896122499937,971253698681.489,32801.3018574024,45208.2184264905,1.67527500243989,8817677647.2938,1.39828193256897,77.1847821788857,20.7605188908557,3.93680640681806,56.42426328803,9.62,64.673,630607994132.747
Canada,1995,1316391855000.0,2.68232822733793,955122057479.248,32595.4515150443,44924.5062957662,2.26332580701256,13657593613.3371,2.25387303530621,77.4850562936722,21.6585439761622,3.13436048392236,55.82651231751,9.489,64.824,605961090061.207
Canada,1994,1282004292000.0,4.49404929532982,930171796810.659,32074.1562636226,44206.0339103282,1.4556309104514,9541029101.65657,1.64516287712472,79.2646709732162,22.6779482102903,1.17163233043592,56.586722762926,10.395,65.155,579944346807.264
Canada,1993,1226868229000.0,2.65770691557481,890167242138.095,31032.7546058282,42770.7276587669,1.28904285022769,4178460316.69704,0.721601695039315,81.5362559016488,23.8860993498314,0.0344025797918979,57.6501565518174,11.377,65.338,579053561739.4
Canada,1992,1195105819000.0,0.890466180427183,867121689041.978,30563.3788132238,42123.8129890864,1.47085090832458,7018240062.86526,1.18075190608283,82.1470527646165,24.44462693963,-0.339765824652439,57.7024258249865,11.197,65.701,594387358318.855
Canada,1991,1184557733000.0,-2.0910550979319,859468413488.409,30654.3331550624,42249.1703230896,3.05676981042184,3514220103.04374,0.573724262982077,81.2973710872319,24.0167404559594,-0.516833790983694,57.2806306312725,10.316,66.577,612527712315.615
Canada,1990,1209856499000.0,0.202947874139198,877824201198.45,31700.5462613508,43691.1079277421,3.35230171317748,8401707941.43434,1.40950377153528,78.4598440548612,22.6182277236122,0.154133495135162,55.841616331249,8.131,67.145,596075591360.987
Canada,1989,1207406094000.0,2.33732975738413,876046283888.822,32116.9233234971,44264.977381312,4.68125322876962,7171648940.44922,1.2643683536102,76.2269219257898,21.3687444068382,0.0260579916882452,54.8581775189516,7.546,67.263,567211993243.243
Canada,1988,1179829586000.0,4.41083900341744,856037856338.157,31951.5504658265,44037.0531268454,4.5399982412587,7196400040.3342,1.41277624760156,75.5898126318006,21.1214336075955,0.739997511541026,54.468379024205,7.762,66.849,509380027626.554
Canada,1987,1129987650000.0,4.07201574110678,819874511601.366,31001.1298465676,42727.1410038666,4.79160143138952,8597306053.61165,1.98490566969318,76.500515377758,21.5055298640517,1.14044740361043,54.9949855137063,8.82,66.473,433134238310.709
Canada,1986,1085774732000.0,2.12148083355379,787795360513.545,30183.4087940958,41600.1213473665,3.13237904841388,2709677620.68495,0.714941620101729,77.5679319446291,22.0929305204793,0.910126654387331,55.4750014241498,9.593,66.106,379006836991.724
Canada,1985,1063218750000.0,4.73768081475092,771429628794.319,29851.6432940057,41142.8673255704,3.33838916827283,1256760213.69256,0.343202681414642,76.1746865669254,22.0544090619107,2.25187839856648,54.1202775050147,10.502,65.646,366186012449.652
Canada,1984,1015125351000.0,5.8985694010334,736534953603.51,28762.9722015849,39642.412229162,3.54539028646708,5675261448.85168,1.59096403406333,75.7752399423359,22.0352997709887,3.39642326823757,53.7399401713472,11.344,65.047,356718400123.543
Canada,1983,958582686000.0,2.56225358775578,695509823946.992,27418.4916111044,37789.3890635312,5.82447506029406,4618560061.87692,1.35098439657101,76.8878941222266,22.6673090981591,3.14111023554767,54.2205850240674,12.018,64.726,341866277182.733
Germany,2022,3650516690000.0,1.8092581243061,3727790994177.62,44817.1316331389,43888.1061948575,6.41315910830296,87215414562.4594,2.07605246190373,74.2529308992102,21.3296017686915,2.47105447198695,49.6140262045075,3.137,60.999,4201021706478.62
Germany,2021,3585643150000.0,3.90999994204108,3661544208117.2,44011.0194631674,43098.7041240093,2.69677840082888,127609826748.268,2.93002168676674,72.2068032826952,21.6396095960721,5.12014099730063,48.4879180086575,3.594,60.588,4355251953410.78
Germany,2020,3450720000000.0,-4.13191443239947,3523764998709.97,42372.8726784255,41494.5148903022,1.75745290166456,176781024357.228,4.48523547812751,72.9648884870404,21.7243937497102,5.30608104975194,49.5162169054574,3.881,60.558,3941398957073.94
Germany,2019,3599446030000.0,0.977734697038784,3675639268112.03,44235.2658954682,43318.3020963918,2.00929122727773,75463438450.8916,1.9056930139782,73.0114947077981,19.8895196309028,5.60724624570291,51.0147062149448,3.163,61.966,3959894794039.21
Germany,2018,3564593760000.0,1.13569604599849,3640049243667.4,43905.8550061973,42995.7196471532,1.87085953898291,162250938125.842,4.00082875273687,72.4810790820115,19.4857645390401,5.86855676857803,51.0592510840033,3.384,61.264,4055433215301.96
Germany,2017,3524565410000.0,2.797906720551,3599173571724.7,43543.4807050551,42640.8570927845,1.47661425586129,108786501529.106,2.88914588414184,72.3579479825148,19.4478730074915,6.95107572207338,51.0773721839363,3.781,61.242,3765351626105.89
Germany,2016,3428635390000.0,2.22222216259371,3501212900675.89,42516.9337063103,41635.5896414063,1.25424485239203,58132711370.7802,1.64365840117303,73.022649528513,19.5245695901052,7.2650936871129,51.7560974083081,4.104,61.028,3536787895179.0
Germany,2015,3354099840000.0,1.66300602334775,3425099578746.09,41929.7549110722,41060.5826210614,1.74443989037543,62418993509.2489,1.82239938063641,73.0879842437553,19.3036024917153,7.41421366167481,51.9259288053566,4.612,60.215,3425099578746.09
Germany,2014,3299233390000.0,2.18018602168017,3369071713224.27,41602.4661281668,40740.0782885191,1.89470416699187,17356720097.6154,0.437762571704246,73.3215277754509,19.2146344242026,6.53898347110207,52.4012303692113,4.979,60.436,3964870735760.77
Germany,2013,3228838700000.0,0.396995583779145,3297186905208.25,40884.8926759028,40037.3795943375,1.99569888138804,67199694458.9368,1.76515036525359,74.4370796237895,19.2533699868829,5.77453880717814,53.5075772375876,5.316,60.368,3807023797050.99
Germany,2012,3216071040000.0,0.463512036709204,3284148978797.69,40834.5088218456,39988.0401596885,1.43633622765856,65443087632.2705,1.8196411156431,74.4880112028807,18.9052184847532,6.03951730444972,53.8483467177274,5.372,60.074,3596483233406.25
Germany,2011,3201232940000.0,3.75796884489337,3268996785218.57,40722.4849268242,39878.3384357739,1.22973443987648,97535403952.5493,2.55089499875415,73.8787583138872,18.6995569567259,4.85425441678104,53.3303967002923,5.967,60.139,3823575803793.78
Germany,2010,3085288750000.0,4.13463778522758,3150598283304.25,38526.7371042695,37728.1068144769,0.699760025176531,86037502102.1644,2.48154528887853,75.3634820247318,19.1827581196516,5.10545796593838,54.0369599963292,7.043,59.328,3467093769666.67
Germany,2009,2962788190000.0,-5.54455451920674,3025504625850.04,36940.4078672661,36174.6609897081,1.97300267360873,56701916794.9699,1.63004671127687,77.2236634763048,19.6050072775535,4.76990501088626,55.3490218406797,7.88,59.652,3478545516683.59
Germany,2008,3136704480000.0,0.887902330743628,3203102383827.36,39009.8477636357,38201.202953152,0.954758329559226,30954735498.0249,0.81284475683707,73.3286859667552,17.9538713464747,5.78458104183402,53.3285701044306,7.508,59.37,3808197720125.0
Germany,2007,3109098720000.0,2.8891174138025,3174912263837.68,38593.0749910508,37793.0695667484,1.84053470285066,50847183837.0148,1.4594247021417,72.8228870829433,17.5553649959484,6.3897695714769,53.0876556710277,8.732,59.178,3484056680854.91
Germany,2006,3021795500000.0,3.86668241523209,3085761005285.65,37459.261328042,36682.7590083967,0.436413948944335,87444159239.0628,2.87049561649648,74.922347064109,18.0172946772292,5.17970636968403,54.7421048726805,10.277,59.2,3046308753670.58
Germany,2005,2909302030000.0,0.885485292551564,2970886268370.04,36024.0947047021,35277.3423099776,0.53452773146762,59835195025.1916,2.06799391408494,76.3112769863827,18.4739713893822,4.95319708820102,55.6293346977912,11.193,58.413,2893393187361.87
Germany,2004,2883766700000.0,1.16208684507278,2944810405337.25,35687.6378708542,34947.859973295,1.15534066827507,-20408419557.1429,-0.715503012520617,76.0146792031539,18.5669242577539,4.96393434043889,55.3957628301294,10.727,56.872,2852317768061.78
Germany,2003,2850639790000.0,-0.529801394291297,2910982263391.97,35270.0227284267,34538.9016787421,1.3216516810685,65401516009.2492,2.5802310174772,76.8022277658525,19.0734600434664,3.62114592491108,55.7266791918994,9.779,57.317,2534715518349.01
Germany,2002,2865822960000.0,-0.228255715793637,2926486831428.63,35477.5151544301,34742.0929427795,1.49925333012688,51268214890.6254,2.43861371432105,75.799915443293,19.0132502158895,4.04833225388601,55.1089792026482,8.482,57.272,2102350798305.89
Germany,2001,2872379330000.0,1.63614170690956,2933181986968.52,35618.5143698493,34880.1693504882,1.43338801234263,56948542386.9091,2.89610853662772,75.6738919531958,18.7505067113635,1.56153639440135,55.8727960902379,7.773,57.479,1966381496641.73
Germany,2000,2826139680000.0,2.8765231247659,2885963533943.47,35104.1308467844,34376.4486110631,-0.34311256033898,248007397121.859,12.6085323042305,75.870326718819,18.860569292751,0.165707202088596,55.7554727045632,7.917,57.458,1966980701145.1
Germany,1999,2747118190000.0,2.12957016297766,2805269313430.67,34168.8308210083,33460.5366515176,0.574398400367286,86035665071.2096,3.88620516447701,75.7011226435077,19.0821474649054,0.540524927307389,55.7167684042287,8.854,57.86,2213873468586.88
Germany,1998,2689836240000.0,2.09561231172233,2746774816494.42,33477.9856458764,32784.0121773816,0.69236719793102,29525738645.9539,1.31356256260241,74.7743422126182,19.0236412815048,1.16485603097448,55.4354179131785,9.787,57.68,2247760364565.97
Germany,1997,2634624720000.0,1.85432238398302,2690394576515.06,32795.7833455165,32115.9514177226,0.145509780943314,18638428446.4635,0.840026365692745,75.5724946369931,19.2955398082534,1.02247887839445,56.019479661241,9.861,57.669,2218790886532.82
Germany,1996,2586659710000.0,1.0378755674358,2641414240990.66,32245.8608379557,31577.4283902264,0.464204193203898,15590587107.4243,0.621987271355429,75.8788422449911,19.6391608246567,0.660752063715933,56.1010805989961,8.822,57.606,2506576553158.31
Germany,1995,2560089170000.0,1.50499384201356,2614281254585.26,32007.145402934,31343.6613466695,1.83567781503075,12040789985.3198,0.464347992938888,75.1660324327738,19.3697662545462,0.356907886080013,55.6858936908202,8.158,57.715,2593053091306.13
Germany,1994,2522131250000.0,2.59685569693275,2575519839599.45,31625.3939679554,30969.823331878,1.94369887248446,7517424677.09305,0.339343818597409,75.3330214034668,19.2250356361737,0.115667947029956,55.9330148747021,8.727,58.159,2215282632276.73
Germany,1993,2458292930000.0,-0.973033082340891,2510330187123.32,30932.0193060317,30290.8218053093,3.78489366182191,477658764.448412,0.0229759155079975,75.8379710243891,19.2807880091502,0.00864943607952929,56.4515688483731,7.675,58.314,2078954217437.6
Germany,1992,2482447970000.0,2.01361340926105,2534996542114.29,31441.9743477578,30790.2058624838,5.31091407706188,-2137482962.91706,-0.0998181254869771,74.8675060968834,19.1331021293767,-0.504944762528584,55.7637625812187,6.323,58.721,2141377582968.07
Germany,1991,2433447740000.0,5.10826150190911,2484959073005.6,31056.5938822126,30412.8140442005,3.08507975723533,4741546058.51119,0.252775606502016,74.2784350437607,18.6087672231263,-0.503389649474432,55.8337155458938,5.316,59.417,1875792575132.59
Germany,1990,2315182180000.0,5.25500610110028,2364190062225.0,29763.3124657124,29146.3413789747,3.39664351505493,2556702845.61154,0.143783444028002,75.0009963308299,19.0305949844275,-0.208131131092854,56.1406119307313,4.89,58.035,1778162195860.07
Germany,1989,2199593412000.0,3.89655170553733,2246154505899.82,28522.1322159262,27930.8898624547,2.8790667153088,5173426485.28624,0.368453283427039,76.1664508554503,19.4099692478231,-0.63103755660745,56.9322000771001,5.705,56.116,1404092925205.45
Germany,1988,2117099534000.0,3.70723567991882,2161914393719.1,27665.556776457,27092.0705877394,1.6904613030013,-1508574620.67996,-0.107267491566471,77.0302414548994,20.3688163790232,-0.360741857193748,56.8644181707518,6.319,55.816,1406367016371.53
Germany,1987,2041419309000.0,1.4021515883601,2084632166256.58,26781.0162993047,26225.8659695436,1.27966357259307,1620170656.57848,0.12434802891679,77.7638179339314,20.6169747683747,-0.337577881298985,57.3536236691911,6.813,55.332,1302932318824.81
Germany,1986,2013191315000.0,2.28733925852798,2055806640789.14,26451.3009266847,25902.9853486669,2.99954313467137,1192024599.72962,0.113516138662449,77.1326900897814,20.4005712611786,-0.384809189998492,56.9355415670323,6.608,55.41,1050092624515.9
Germany,1985,1968172532000.0,2.32793520067574,2009834898132.56,25871.6378172177,25335.3382195785,2.12472573648958,531108428.984038,0.0722381533959734,78.7119488673008,20.5173357681432,-2.0472879394697,58.3919018163791,6.875,55.014,735218723093.277
Germany,1984,1923397094000.0,2.82294783585535,1964111651614.06,25226.6224585486,24703.6935442719,1.98914629332295,590664406.972141,0.0811611119154106,79.4034288834478,20.5877267140322,-2.79797310279702,59.0109645935328,6.673,54.911,727767760978.627
Germany,1983,1870591278000.0,1.57241014192158,1910188039686.95,24449.3797993273,23942.5625409247,2.80793853154972,997855446.932569,0.129003906469599,79.8045997360171,20.7882628530378,-2.99746219851408,59.2158891566356,6.449,54.333,773507930294.906
Denmark,2022,2488824095000.0,0.443832614908331,348921108389.075,59108.7449374068,421617.566517032,10.3984104940467,27627359889.4076,6.9048667972729,65.7081974440898,21.7803158451184,9.5146048462102,43.2526222368635,4.434,63.37,400114306337.077
Denmark,2021,2477826692000.0,6.50025445756295,347379325644.417,59312.8158043771,423073.186365163,3.04435420134703,16997286703.2255,4.18538817542322,69.9480581361264,23.9787227305152,6.09322304590076,45.2708383306283,5.065,62.533,406110162088.054
Denmark,2020,2326592274000.0,-1.78010601831291,326176991232.295,55934.5555945523,398976.348405976,2.82692168535247,1294050740.46455,0.36387453868222,71.5969197360104,24.6799875258246,5.6403619777515,46.1580862277032,5.644,62.037,355631021931.621
Denmark,2019,2368758690000.0,1.71140093932736,332088518944.146,57114.6227336347,407393.665268878,0.950878606508979,-3801733788.9774,-1.10067098319484,72.1042522380216,24.2047767614883,6.00974076778084,47.0983967682387,5.018,62.375,345401473012.615
Denmark,2018,2328901842000.0,1.8600074900921,326500781502.599,56355.0733084714,401975.864897277,0.593022199554014,8764023726.34583,2.46670057625106,72.3149328564898,24.3811073900807,5.15275125956845,47.1854206960277,5.131,61.816,355293374912.393
Denmark,2017,2286375094000.0,3.05647723922718,320538736986.013,55601.0145717787,396597.229131758,1.10061874801856,3607276299.5179,1.08780490285886,71.5669372907968,24.4496622577768,6.47622620230559,46.4308556598143,5.833,61.716,331610593961.988
Denmark,2016,2218565155000.0,3.07304549209093,311032111297.516,54300.2039621991,387318.659534463,0.42651293565801,7804020827.15213,2.49983169836595,72.2841603541908,24.9429154800128,6.03512198839121,46.8126107116679,5.989,61.652,312181849372.233
Denmark,2015,2152420300000.0,2.10441456445301,301758922337.637,53094.0133607574,378715.006273442,0.409102918740629,1842994663.46023,0.61075067778712,72.9581793677318,25.5463558237146,6.49828069287248,47.2541851499827,6.278,61.317,301758922337.637
Denmark,2014,2108058020000.0,1.27799983192831,295539545106.694,52368.3625969272,373539.00212192,1.01870648692126,6577348986.65251,1.86415567840611,73.3958505973226,25.7974203785069,6.45594827782968,47.1824860532112,6.925,61.258,352832602064.452
Denmark,2013,2081457003000.0,1.39267343161971,291810211099.295,51970.3909324806,370700.304651953,0.846911259922024,680338945.938662,0.197410828523168,74.4184802916766,25.9285043343491,6.22900522298097,47.5493610410104,7.384,61.419,344631016965.12
Denmark,2012,2052867266000.0,-0.00543230161670749,287802068160.374,51470.689845427,367135.980007053,2.40784261053872,-16349825685.2634,-5.00312031968255,74.9736237530173,26.5003228378334,5.7994047065436,48.0945219467073,7.798,62.312,326792574244.963
Denmark,2011,2052978790000.0,1.3108037609606,287817703286.122,51667.5313210425,368540.033231776,0.646380343342173,13558894634.346,3.93792637361731,74.8581848047536,26.5405591973408,6.15432402017224,47.8704025142108,7.769,63.048,344315595263.175
Denmark,2010,2026416447000.0,1.58289703108802,284093791186.593,51209.4492757775,365272.573613164,3.18685979296221,-11501101751.4985,-3.56794135328115,75.3840136460971,27.3361076692926,6.79383283936203,47.560487173439,7.746,63.496,322345594075.47
Denmark,2009,1994840181000.0,-4.97447905669058,279666951317.258,50635.9118061988,361181.580436331,0.571749174652652,3779250819.20381,1.17142791849018,76.3644288747182,27.8156943528533,4.60296285298569,48.2725067763868,6.409,64.395,322619152194.594
Denmark,2008,2099267819000.0,-0.417178439991005,294307201413.926,53572.5346568185,382128.257300604,4.25425883120047,2191215665.76653,0.617279543987987,72.4927500227292,24.9864493189355,3.47152728769529,47.1755842281987,3.683,65.085,354979471960.142
Denmark,2007,2108062200000.0,0.987173815945127,295540131122.49,54113.9771471341,385990.3197656,2.42481353818158,11809448518.2128,3.68799602330786,72.0213295861922,24.2779391801677,2.74729987567765,47.3698703966095,3.801,65.713,320213157595.018
Denmark,2006,2087455387000.0,3.81648769908172,292651155542.909,53823.1590295482,383915.939279845,2.08855162176475,2385249288.38418,0.841695783435792,71.7983800541412,24.1607314049511,3.93887148585628,47.320971761966,3.897,65.933,283386151543.687
Denmark,2005,2010716634000.0,2.35960882992528,281892753289.031,52015.1841169021,371019.810563173,2.89794820437493,12847031342.3671,4.8451921902896,72.4772620841594,24.4356057323132,5.35144722324195,47.6673109486695,4.83,65.649,265150087711.985
Denmark,2004,1964365297000.0,2.77635180744053,275394519880.793,50956.3045398814,363466.914101392,2.08488940793974,-8804165491.10019,-3.49390841296768,72.718546991823,24.8732294572073,5.63535879382754,47.6095381283302,5.204,65.932,251986155630.852
Denmark,2003,1911300861000.0,0.441091006625101,267955142440.516,49708.0909084109,354563.5142009,1.49453568000413,1184825159.91313,0.542449723524164,72.3290153545896,25.0007505768517,6.78499415289513,47.1748039890791,5.398,65.478,218421193436.252
Denmark,2002,1902907308000.0,0.456530018779986,266778406880.15,49624.5965359582,353967.956061936,2.38932903725117,4430703178.95051,2.47818532882922,71.8970500536105,24.8477658486744,6.84611814754535,46.8957299137905,4.274,65.638,178788209558.311
Denmark,2001,1894259445000.0,0.95003224600012,265566018286.991,49557.1509962227,353486.872859005,2.51734651076532,9286404805.96887,5.63216582111414,71.1140606008497,24.3116116711211,7.13650788114402,46.6839273373453,4.164,65.15,164881594415.341
Denmark,2000,1876432729000.0,3.72400899471576,263066798869.213,49266.9882757886,351417.167264462,3.01337858164912,36013297907.1949,21.9534625057579,70.9903127618692,23.8904895144931,6.71528121185067,47.0970550360451,4.476,65.536,164043817223.59
Denmark,1999,1809063058000.0,2.96730536257029,253621896626.282,47657.1731901716,339934.495459148,1.68744511500975,16847919225.9808,9.4710973726909,73.1626743223863,24.3766018767376,6.00228819423112,48.7678047102884,5.141,65.801,177887720535.535
Denmark,1998,1756929592000.0,2.32630274538961,246313036680.162,46437.1921069175,331232.47588382,1.23236518305923,6674661469.00366,3.77361587089095,74.3243051249813,24.1447910911229,3.0759988820655,50.1742867251161,5.039,65.179,176877077513.133
Denmark,1997,1716987270000.0,3.16848143784479,240713316196.954,45546.5896151864,324879.885320524,2.01316864520493,2791671359.18634,1.61143462898396,73.6202525737813,23.6796451863993,4.36471210724676,50.0269879736676,5.4,65.441,173241365735.483
Denmark,1996,1664255639000.0,2.89575069230459,233320596409.064,44331.6199637443,316213.611854973,2.02364331075428,773444115.829277,0.412544985702368,74.312657757531,24.1248436883406,5.6680685838076,50.20785192994,6.844,65.196,187481157845.724
Denmark,1995,1617419211000.0,3.03802150461165,226754355587.313,43328.5293418439,309058.653186004,1.27912068491602,4139423319.68616,2.23936020307567,74.6420135251119,24.0726833081959,4.71334651795823,50.5955149673213,6.992,64.605,184848481008.139
Denmark,1994,1569730462000.0,5.29469615156448,220068623481.056,42270.6520867615,301512.906199939,1.567746667481,5006178362.05012,3.20872011819628,75.3554126849511,24.4267829399267,5.92875073345932,50.9852543277923,8.036,64.375,156017919221.457
Denmark,1993,1490797276000.0,-0.078900412805325,209002572327.368,40280.8935863909,287320.13087082,0.577377859150815,1712766177.9681,1.19680703488165,75.1131717101071,25.315961252613,7.53193253917937,49.8229285317979,10.719,67.367,143111306004.102
Denmark,1992,1491974450000.0,2.0228112415746,209167606432.298,40447.2328284958,288506.614301433,1.65637814135803,1017385349.25763,0.66510339678141,74.1721184142474,24.1550076813151,6.90450159083126,49.9739803399436,9.027,68.108,152966494259.538
Denmark,1991,1462393000000.0,1.45818005306188,205020430124.221,39776.5961774467,283723.021059318,2.58350896759923,1552515350.88703,1.1154689515624,74.1794873530448,24.2558242437252,6.22040112190112,49.9376729337173,9.099,67.826,139180507777.691
Denmark,1990,1441375155000.0,1.66026774169177,202073829844.963,39306.7939232431,280371.962203792,2.48227486821597,1132146349.95011,0.819103498829799,73.6500499997481,23.9117243303695,5.55730297768705,49.7495192484797,8.338,68.124,138217740684.484
Denmark,1989,1417835293000.0,0.697173210370437,198773654972.474,38727.7183764143,276241.46640081,4.83202882094524,1089565259.94644,0.970121903558007,74.8771881575054,24.3815411632282,3.79831884462909,50.5648696418555,8.149,67.668,112312200760.581
Denmark,1988,1408018962000.0,0.272951118976223,197397452813.504,38482.6663594586,274493.531553464,3.85542367327491,503338112.91511,0.435638987784019,75.4659743882778,24.7037247552177,3.47652684250548,50.771154579061,6.486,67.882,115540189705.118
Denmark,1987,1404186220000.0,0.462955829960563,196860120910.661,38396.5670749076,273879.39280175,4.70878672648345,84660817.1227545,0.0775399751158817,75.9137910676729,24.3499141634703,2.05906981324306,51.7341579792977,6.091,66.743,109183446340.073
Denmark,1986,1397715415000.0,4.73340611933794,195952945326.293,38268.0683940959,272962.822822776,2.43538830260796,163266341.137938,0.186061275024497,76.3407165556534,23.6200757088112,-0.19977993778998,53.0818183684189,6.033,67.518,87748695216.9077
Denmark,1985,1334545936000.0,4.15308383294486,187096889700.136,36587.4452915,260975.083555107,4.21552712146477,111103417.555728,0.177900897607028,77.0525390062748,24.6710934679844,0.77754378640386,52.7087496273672,7.797,66.725,62452421010.9094
Denmark,1984,1281331178000.0,4.33934505132922,179636437842.04,35142.7674562678,250670.321477403,5.90819813960519,-15356842.1248586,-0.0260865149259739,77.6437112514933,25.2314619782826,1.68355838087017,52.801030426441,8.867,66.494,58868891334.9941
Denmark,1983,1228042190000.0,2.65480394401855,172165579296.735,33663.5864707769,240119.451412384,7.35334859127894,60130799.9938145,0.0996679021941877,79.3476435302292,27.1227917696409,2.22107689630009,52.7162398754268,9.745,65.497,60331158447.2389
Spain,2022,1281423000000.0,6.37031712129601,1347716659731.45,28203.1093419474,26815.8093330149,4.69383953106939,67459796903.6798,4.65609043363165,76.4327552961305,19.9317083168891,0.877630985061739,55.7185562806762,13.033,57.782,1448850658406.62
Spain,2021,1204681000000.0,6.68314420473001,1267004457826.92,26705.3629138959,25391.7364708041,2.55611236501613,64626902393.5776,4.42272902452136,77.1363865204772,21.0051364901244,0.989579707869206,55.6169534931532,14.914,57.648,1461244901852.69
Spain,2020,1129214000000.0,-10.9400706350371,1187633217292.02,25077.019882928,23843.4910019176,1.13391454164042,37683095972.4205,2.92165980781023,77.8574300354052,21.8157054375876,1.515921694205,55.5700690923067,15.532,56.72,1289783836971.21
Spain,2019,1267926000000.0,1.96117850841711,1333521400432.69,28301.4393949563,26909.3025688572,1.42867123652391,30322872791.4496,2.16052375036307,76.1062765711369,18.7386237646665,2.98490081438291,56.9936428679679,14.104,57.92,1403496387686.27
Spain,2018,1243538000000.0,2.39541124478878,1307871701701.25,27956.7225466484,26581.5422086066,1.18735470237598,63958429156.7585,4.46748509754483,76.5536066044366,18.5844642639135,2.74021757421577,57.6992368074597,15.255,57.924,1431642809327.06
Spain,2017,1214447000000.0,2.89604207865007,1277275696051.09,27426.281015093,26077.1928902375,1.25794431812474,33577736758.6064,2.54039212306223,76.8009886976677,18.5432948383965,3.63334427327986,57.9562470513425,17.224,58.117,1321754088818.83
Spain,2016,1180266000000.0,2.91515598595787,1241326362266.48,26719.2442268615,25404.9349673692,0.372182539615821,44962670965.5697,3.61722479660389,76.9734996665085,18.9554100877408,3.96538811915221,57.7278762421336,19.635,58.523,1243015667917.12
Spain,2015,1146834000000.0,4.06086672473866,1206164777553.12,25982.4416197775,24704.3753947321,0.552441816045786,23777330434.0906,1.97131692755332,77.6112304895908,19.3555953756375,3.01532868738456,57.971487758391,22.057,58.829,1206164777553.12
Spain,2014,1102080000000.0,1.52048593647231,1159095455877.44,24947.8512505913,23720.6761245028,-0.22068679671149,31972292815.4555,2.31642230011085,78.8124344890846,19.5517778062253,3.03941771925282,58.9741171125821,24.441,58.961,1380244561361.96
Spain,2013,1085574000000.0,-1.42732224757626,1141735527746.35,24498.5559507945,23293.4814862275,0.438175032697188,47143326585.2815,3.4608559063245,78.7455199229368,19.8099355336898,3.84214138908714,58.6698022331161,26.094,59.377,1362186923157.65
Spain,2012,1101293000000.0,-2.86511368637748,1158267740898.69,24763.568274484,23545.4579565094,-0.202954992229195,19250404232.1962,1.44631700014204,79.3600935939859,19.8836059940307,2.0454378723585,59.2426956921283,24.789,59.732,1330994811670.31
Spain,2011,1133777000000.0,-0.639920636520344,1192432281393.69,25510.5579678829,24255.703516637,-0.145958771821014,25874478945.7384,1.73938048405349,79.0214187463156,20.5764066286762,0.264997333183617,58.2100515584501,21.39,59.675,1487568659241.25
Spain,2010,1141079000000.0,0.0941223116369514,1200112046037.65,25766.2515825743,24498.8196616018,0.292837731273394,35969020812.8425,2.51885825626412,78.6389019119988,20.5479299444365,-1.03774329361414,57.8496859754258,19.86,59.626,1427989078916.67
Spain,2009,1140006000000.0,-3.76813306940053,1198983535018.34,25860.8142592652,24588.7308369058,0.231283091776064,7562359636.56542,0.505306851587762,77.5139563276452,20.5691572148855,-0.86589809783875,56.733893139731,17.857,59.505,1496587590847.66
Spain,2008,1184645000000.0,0.767165748290694,1245931907237.16,27112.526293889,25778.8716420683,2.45204365410383,71347116196.2984,4.36076294618522,76.2534698750126,18.774181253326,-4.73251398737181,57.3084916651085,11.254,59.373,1636115447612.5
Spain,2007,1175626000000.0,3.53350013165972,1236446314615.43,27338.79541774,25994.0106754837,3.56123409827231,70291846189.2948,4.75991355393949,75.3217742990754,17.6727382067132,-5.78075451421338,57.5231940130352,8.232,58.578,1476746276854.51
Spain,2006,1135503000000.0,4.04343515605099,1194247574981.13,26899.0921497113,25575.9362406545,4.0724888213377,35455663078.3571,2.80982337619077,75.1326399834424,17.3404140994412,-5.71695244463549,57.7025720017194,8.452,57.98,1261846683275.29
Spain,2005,1091374000000.0,3.5512255846125,1147835587310.16,26294.447384391,25001.033716807,4.21292340639742,28282647905.3934,2.44941913037175,75.4139003277586,17.3173354365051,-4.81800883935517,58.0370899515365,9.146,57.091,1154667551775.88
Spain,2004,1053946000000.0,3.1145314799161,1108471271904.22,25825.3106463315,24554.9736329209,3.9116657619694,25642926665.1153,2.39691740423512,75.4001760344348,17.1564974030851,-3.70300177080875,58.2037976464405,11.09,55.851,1069829382514.67
Spain,2003,1022112000000.0,2.9392895953076,1074990358774.14,25481.1653690112,24227.7567283028,4.00396572542915,31005892770.6415,3.41488423629313,74.6760551799403,16.7678896899523,-2.20460630161596,57.8957072717374,11.283,54.935,907963217057.645
Spain,2002,992927000000.0,2.75545611564098,1044295490089.67,25205.3154769045,23965.4757853905,4.09170227034321,39314607366.2039,5.54556177892168,75.2679581297083,16.6200729849122,-1.97360699118632,58.6676252160738,11.146,53.773,708938227243.923
Spain,2001,966301000000.0,3.91908880808811,1016292009754.12,24878.3784543991,23654.6206682077,4.16231327621294,29016725788.2086,4.62197940241985,75.7777213470707,16.5454991597214,-2.26019247943529,59.2731661526083,10.348,52.092,627798682378.741
Spain,2000,929859000000.0,5.20064125553942,977964704474.031,24106.8818529374,22921.073685319,3.41275208349518,40723543114.051,6.80878594546401,76.2714089154978,16.7050924303047,-2.94377896409495,59.6433739107338,13.785,52.771,598102854756.08
Spain,1999,883891000000.0,4.40886545305924,929618577227.575,23017.838771323,21885.6002104644,2.618580567008,19806975250.9892,3.12218385015752,76.3699470131476,16.8040897651711,-1.91737142204347,59.6533846737965,15.475,51.614,634394904386.874
Spain,1998,846567000000.0,4.30197745333581,890363642200.019,22135.4045018802,21046.5725404514,2.63477983152434,15714658309.1109,2.53981875835882,76.4962857230285,16.8709354002005,-0.430557330544551,59.7193097402796,18.673,51.102,618731484575.12
Spain,1997,811650000000.0,3.58729972356299,853640231891.445,21310.4311888986,20262.1793447396,2.46503210680234,9433660064.59713,1.59963097299184,77.1765667060395,17.0163650762759,0.205021089810413,60.2434432752504,20.698,50.811,589739772727.273
Spain,1996,783542000000.0,2.60741117110229,824078081163.909,20658.8402775701,19642.6399375962,3.53325729668276,9801379213.11597,1.52609695036777,77.915557137189,17.4964106465745,-0.151550477966892,60.4985008569453,22.142,50.355,642251412058.321
Spain,1995,763631000000.0,2.75749400293542,803136997375.095,20217.9031940372,19223.3923781689,4.93312976632123,8281607344.6532,1.34842263683776,78.5790174662527,17.6263799295614,-1.09829465583508,61.0321579806153,22.675,50.045,614170002668.802
Spain,1994,743138987000.0,2.38319537908909,781584842222.945,19762.3886289154,18790.2843978175,3.87984187647956,8772628136.87355,1.65463950244582,79.4127835629184,17.7745679967686,-1.00090134995113,61.7203718962655,24.209,50.231,530183651720.283
Spain,1993,725840783000.0,-1.03149183695307,763391725887.252,19394.4931411816,18440.4855464238,4.53724123553553,10808165172.6316,2.05987295164996,80.2234935090559,18.3582972876489,-1.51399399379287,61.9296288135927,22.156,49.854,524700572623.872
Spain,1992,733405804000.0,0.929215482921151,771348118766.823,19698.51176766,18729.5496145903,6.71077121153706,13275723087.2105,2.10570224260596,79.7598910091285,17.8184496597917,-3.58772986756121,62.0255165496643,17.697,49.814,630465353486.104
Spain,1991,726653626000.0,2.54600049647455,764246620838.292,19612.9766041957,18648.2218926389,6.93513950036797,12492782828.6164,2.16605085432865,78.1809213594568,16.9330359384278,-3.94280030219765,61.3548758123416,15.929,48.207,576753902321.857
Spain,1990,708612352000.0,3.7813935513235,745271992216.377,19174.77083233,18231.5712927173,7.32625121093244,13983611812.0264,2.60802970996431,77.567234198775,16.2604876033915,-4.1470183043494,61.4377977684139,16.273,48.566,536175326477.31
Spain,1989,682793252000.0,4.82703031299745,718117156374.292,18494.9397646048,17585.1808515165,6.89619412581477,8428379548.62269,2.03357704001565,77.7084508670224,15.8464693418135,-4.1643710136146,62.0137414145407,17.331,48.238,414460794096.978
Spain,1988,651352280000.0,5.09432412898086,685049604314.94,17670.9748560478,16801.7464572067,5.93612617591543,7020568173.67176,1.86771026284268,76.9302295864068,15.3460781090367,-2.09062910656357,61.7501584795036,19.854,48.316,375891716897.586
Spain,1987,619778742000.0,5.54712273579352,651842628032.117,16850.0903528198,16021.2409442827,5.94419828568171,4570700793.28043,1.43497964271408,77.861281458002,15.4982145235336,-0.85166516706499,62.5326330472724,20.607,47.953,318520253335.13
Spain,1986,587205720000.0,3.25332169179885,617584460036.694,16005.9732611803,15218.6456449595,10.8788163151549,3450598177.34751,1.37396544143913,77.3520064472434,15.0014802078968,1.06778293439863,62.5372265343763,21.259,47.019,251141555185.933
Spain,1985,568703951000.0,2.3214357659951,598125512978.773,15548.0400421709,14783.2379833672,8.59547962292207,1967804468.48446,1.08920479535639,78.3322231846892,15.1968080535645,0.886093159829591,63.3242409572351,21.64,47.51,180664322896.282
Spain,1984,555801379000.0,1.78468751370853,584555434060.426,15250.4535062705,14500.2896137381,10.8647340209194,1771829759.76171,1.03025351456358,78.3346486963655,14.9280169581631,1.08854309952441,63.6078876381837,20.25,47.77,171979977230.387
Spain,1983,546055986000.0,1.77011581051299,574305868927.187,15045.4001753188,14305.3227765985,11.8842453434335,1622388936.13354,0.949714762135756,79.9857650686808,15.1657588946148,-1.59833988821352,65.0290528662515,17.49,48.08,170829074245.94
France,2022,2545144500000.0,2.71676264185913,2650215998256.03,38868.3303330557,37327.3413323509,3.01818420778099,112295479269.655,4.0180319137717,78.7075585460301,23.8742904476312,-2.73091094444259,53.0923695021231,7.303,56.22,2794788137066.94
France,2021,2477827800000.0,6.88233783360239,2580120255051.75,38030.8571685178,36523.0709558895,1.22181614073425,98012545019.163,3.30405312221271,77.7648981861705,24.3515984176563,-1.21238276445104,52.4496149937744,7.871,55.938,2966433692008.09
France,2020,2318276200000.0,-7.44064589948231,2413981867676.36,35709.2045925926,34293.4635244895,2.97797868174696,19368829836.4654,0.731471704018579,78.9200268716903,24.8398357365701,-1.72444508553381,53.1862855685617,8.009,54.535,2647926055110.05
France,2019,2504637400000.0,2.02744646419237,2608036638906.12,38705.2072940618,37170.6855330531,1.21052308336793,53499337503.7412,1.96486943301561,77.624801476585,23.0348422675243,-0.649858391975551,53.7288194408469,8.415,55.272,2722793515171.76
France,2018,2454866300000.0,1.64590872395887,2556210832760.02,38062.4435961412,36553.4050956703,1.11459331332806,77493098693.2377,2.78594184568695,78.3547231025301,23.3500758354509,-0.96629699679387,54.0634759112269,9.018,55.624,2781576320884.39
France,2017,2415115700000.0,2.08361485997399,2514819204088.14,37580.5979329356,36090.662873767,0.586343157961707,43733253503.8812,1.68928072199317,78.5907808701955,23.7013842025535,-0.772180066113055,54.1153969761492,9.409,55.638,2588868323334.71
France,2016,2365821100000.0,0.860031075424033,2463489569347.31,36920.5342846914,35456.768366646,0.517258232209031,35623357280.0881,1.44200321416196,78.7484756829765,23.7569423186251,-0.346336298209102,54.3194538338948,10.057,55.933,2470407619777.13
France,2015,2345647800000.0,1.06675474783462,2442483452642.5,36702.4323733379,35247.313408829,1.13444009013935,43133325471.3567,1.76596182973896,78.4011558817801,23.7757617692292,-0.117697743110571,53.9733413476214,10.354,56.06,2442483452642.5
France,2014,2320889600000.0,0.997832947295251,2416703156974.4,36444.3949089146,34999.5061984721,0.570795054388284,5063648998.48312,0.176974174772525,78.8791703113074,24.081442589149,-0.715641134920571,54.2096418539512,10.273,56.098,2861236112552.42
France,2013,2297959800000.0,0.781756446231,2392826743357.49,36256.086680981,34818.663712069,0.747875807422233,33461592993.8228,1.18823404938295,79.1162212272406,24.0757206386355,-0.636663187841603,54.5541992345705,9.913,56.432,2816077607875.26
France,2012,2280134700000.0,0.183835264973013,2374265767668.09,36161.2918253465,34727.6271302941,1.08204690089583,32944663317.8722,1.22790071519382,79.1180348943466,23.9564328020669,-0.947599771621397,54.7324273051205,9.841,56.263,2683007095787.23
France,2011,2275950700000.0,2.43757653729007,2369909039106.43,36269.9561530888,34831.9833096702,0.851478363204762,44205811126.5791,1.54005293306163,79.0282955378327,23.7010905265759,-1.52794080949056,54.8819300170202,9.228,56.029,2870408553990.28
France,2010,2221792800000.0,2.00032476039051,2313515332182.54,35578.1968010183,34167.6497189726,1.089446423803,38889439213.3126,1.46961673029144,79.5967095626813,23.9798091765185,-0.934579064685492,55.3338899924156,9.279,56.25,2646230027988.34
France,2009,2178221300000.0,-2.82455153714783,2268145064848.79,35052.8510772683,33663.1320569101,0.105961139274143,18422928061.913,0.682311492843145,79.7194572155284,24.0880419778451,-0.437215840439722,55.3940867639798,9.122,56.332,2700075882518.98
France,2008,2241534600000.0,0.380171435849121,2334072135222.36,36257.3658930938,34819.8922080389,2.30079918762539,67997446904.9733,2.32326700027606,77.3145694444075,22.5895511441534,-0.781673484674395,54.5310634971452,7.386,56.07,2926802941585.86
France,2007,2233045200000.0,2.53048188351066,2325232266328.63,36322.1685141004,34882.1256390306,2.38503020327239,83777598395.4499,3.15449449926763,76.8663871889036,22.4734674757104,-0.435492193180751,54.21357390046,8.008,55.982,2655816911866.56
France,2006,2177933000000.0,2.71406448755236,2267844862926.15,35645.4162427116,34232.2041524344,1.99737953136012,78957053786.1349,3.40646118259264,77.3283919661144,22.7854420708586,-0.0135805620391743,54.299008981914,8.832,55.88,2317861544690.82
France,2005,2120384400000.0,1.88856584109286,2207920477337.34,34946.0372494703,33560.5530118349,1.96210336343643,85137061931.2535,3.8837306583925,77.5843695945348,23.1175353538954,0.504276927349924,54.5139612281779,8.882,55.949,2192146403028.17
France,2004,2081081800000.0,2.86825052501032,2166995343501.89,34557.1471111581,33187.0809637902,1.63363930976588,35608535812.8718,1.68777447237363,77.3091885615518,23.1521854419976,1.32644289038957,54.3051010263086,8.914,56.254,2109792297237.03
France,2003,2023055500000.0,0.967827182558352,2106573536968.08,33840.6175720101,32498.9592345235,1.80137944811318,42350800678.3508,2.30782482603352,77.6743301291835,23.2625915298209,1.67505304772298,54.523702210819,8.306,56.406,1835095983049.09
France,2002,2003663500000.0,1.06775027069419,2086380974762.6,33753.5782979758,32415.3707535325,2.06427792329687,51550483853.8508,3.45413596292302,76.9709308013075,22.857888310331,2.32887866824335,54.2979467416962,8.702,55.714,1492427756382.43
France,2001,1982495400000.0,1.89946701186636,2064338989612.96,33640.6738002565,32306.9425116139,1.90239797511535,50142053918.8909,3.65899790543178,76.5173757634368,22.259556730345,1.96797416381162,54.4083283983768,8.61,55.499,1370376677298.86
France,2000,1945540500000.0,4.14099996402915,2025858476151.37,33255.1379642335,31936.6917798801,1.41757333768415,41389082664.7627,3.04117027418415,76.4120719858532,22.4026551978725,1.73005094680599,54.0425959030138,10.218,55.701,1360959069477.49
France,1999,1868179200000.0,3.39930808809441,1945303460549.75,32152.7207478734,30877.9814269237,0.220167673110879,45971216472.0884,3.09171602103703,76.5257091003965,22.7259043484992,2.74329318466571,53.8378723977671,11.981,55.747,1486915879701.93
France,1998,1806761800000.0,3.45259434279616,1881350558837.76,31256.5073830655,30017.2996871077,0.908513586199163,29518429032.2113,1.97196226741527,76.7891914953797,22.7089061303217,3.08410140371039,54.1816433210113,12.074,55.459,1496906382032.47
France,1997,1746463500000.0,2.5270616339357,1818562957062.05,30325.522871824,29123.2253513061,0.874762059865759,23047924754.7559,1.59017858585611,77.6486947195451,23.4573330897567,3.4571966206528,54.2646129720707,12.566,55.445,1449392222971.45
France,1996,1703417100000.0,1.39707987198881,1773739467493.06,29683.7786067651,28506.9239299518,1.31735744530737,21971888803.0023,1.37419707227678,78.6444894547495,23.5693022234551,2.13352535021388,55.360028844233,12.367,55.77,1598889216566.23
France,1995,1679946900000.0,2.30479278392259,1749300344479.7,29379.6158424052,28214.8201213094,1.15064618751455,23736300874.0227,1.48796470785062,77.8652522025002,23.2620235385924,1.94764815096757,54.9119856741097,11.834,55.444,1595219345511.89
France,1994,1642099900000.0,2.38366086110145,1709890902349.41,28822.5006495069,27679.792534877,0.952852945745434,15797125294.9865,1.1399094845552,78.2226151880319,23.3227822524955,1.74967543661321,55.325823446384,12.593,55.48,1385822778827.98
France,1993,1603869100000.0,-0.35899781051468,1670081815758.79,28257.0962487817,27136.8043777877,1.55772419469594,20754044035.6782,1.5789947240431,78.7979629878645,23.5592092126581,1.90700245832315,55.7227256809911,11.32,55.552,1314383368079.69
France,1992,1609647700000.0,1.5160611169627,1676098974378.87,28482.5194675509,27353.2903796081,2.02035040654253,21839501253.074,1.57156807831079,77.2668457252215,22.4482751517868,0.927453286038952,55.5793390765112,10.203,55.558,1389663073110.28
France,1991,1585608900000.0,1.23666248297356,1651067777785.17,28197.2359540607,27079.317327684,2.45511567573044,15152742089.8423,1.20359034786282,76.544259364094,21.8324524649692,-0.125162421167438,55.5078206888781,9.134,55.406,1258961748633.88
France,1990,1566239800000.0,2.82962715326478,1630899060963.07,27992.9751471374,26883.1547244665,2.66599580185081,13183285334.811,1.0482480186712,76.1922126855936,21.3629677651223,-0.608884429011122,55.7120727435183,9.36,55.854,1257649439826.53
France,1989,1523140600000.0,4.40516927190527,1586020591645.5,27372.0534763161,26286.8503566484,3.18399410529275,10303924628.9084,1.01342545346103,76.1416890867327,21.3132285046722,-0.416894406671767,55.7404385855361,9.618,56.17,1016742237302.08
France,1988,1458874700000.0,4.81422400170246,1519101594974.65,26374.1221811161,25328.4834352249,3.17903029390381,8489906284.29327,0.839896512746875,77.0149137311389,21.8693616502998,-0.380147736337069,56.0601072453468,10.18,56.306,1010827662151.75
France,1987,1391867100000.0,2.55274621143047,1449327712381.84,25308.620924146,24305.2254571185,2.47028250226069,5139716801.65678,0.554852756526202,78.4477345221032,22.3337328835311,-0.759824775992303,57.1696482913633,10.735,56.839,926320855614.973
France,1986,1357220700000.0,2.38953554470334,1413251000995.92,24813.0302579158,23829.2831719474,5.23941497683327,3255870956.36327,0.425633765361723,77.9275556696233,22.4962737111015,0.263474222276863,56.5363360059606,10.23,57.343,764946585850.933
France,1985,1325546300000.0,1.56907436604108,1380268983033.81,24358.1382748825,23392.426014088,5.50414182259435,2595492779.80055,0.474304324785623,78.7799167884343,22.8282833942538,-0.0522957221699043,57.2275289484171,10.259,57.146,547220981165.134
France,1984,1305068800000.0,1.60947146551595,1358946108004.79,24102.0176176027,23146.4596163903,7.07327476673912,2397989218.95718,0.456730858975029,78.1776861506738,22.7730618029772,0.411778724260792,56.7147851921489,9.533,57.308,525033325827.516
France,1983,1284396800000.0,1.26205761797051,1337420703409.51,23836.4018927227,22891.3745962498,9.61253720363675,1725670868.53761,0.311855278090612,78.0901996703604,22.6182749465078,-0.114348870128333,56.8227718495852,7.918,57.463,553356312935.709
United Kingdom,2022,2425001593000.0,5.14970388522993,3274265196937.19,48433.009835767,35870.6821046092,5.67864204313082,92776358059.3492,2.91635435189931,82.7282135369587,20.3875396220537,-1.07506967398426,60.0657355104653,3.768,62.217,3181244350465.41
United Kingdom,2021,2306237206000.0,8.5431118453255,3113908148054.35,46487.3424706549,34429.6728472471,0.711756533859329,102431564639.492,3.20643815254935,81.0608304644863,21.9023771103032,0.0404279246309822,58.9557109717685,4.864,62.196,3194559188925.93
United Kingdom,2020,2124720000000.0,-10.047896637362,2868821517197.41,42982.4631007642,31833.8727076591,4.84234085720969,157185559299.989,5.77039185007421,80.9818705523551,22.3849730788057,0.73741481230468,58.6464569449151,4.518,62.83,2724001478304.59
United Kingdom,2019,2362057051000.0,1.25629899760824,3189276748351.15,47864.7588712634,35449.8214194594,2.46133048824501,19790761929.1276,0.688204352262878,82.1693318259837,18.934726344575,-1.19784585707431,63.380591142057,3.657,62.941,2875710080015.3
United Kingdom,2018,2332750727000.0,1.55133095078786,3149707010747.53,47514.7763693453,35190.6157431851,1.96276612181809,-25055440306.9073,-0.864867036878713,82.3245880033653,18.3768895986708,-1.2007041945441,64.0863545498879,4.145,62.892,2897028009916.05
United Kingdom,2017,2297114873000.0,3.02322219840339,3101591068534.48,47018.0254757676,34822.7097747324,1.54252781517637,125358809934.12,4.64443540147576,82.1105252567444,18.5281767976876,-1.24226238328608,63.7472332447399,4.501,62.695,2699118387873.1
United Kingdom,2016,2229705909000.0,2.20652020635357,3010574705731.3,45888.0105130748,33985.7928117426,1.73539354292218,324813224213.021,11.9998637298189,83.1207803447304,19.0926073260822,-1.71641921332033,64.3193307910443,4.909,62.721,2706807606538.73
United Kingdom,2015,2181569145000.0,2.14040560033371,2945579890258.46,45255.3449216209,33517.225064528,0.669172003330104,45333483122.0899,1.53903424150931,82.8913764201127,19.4312702799147,-1.36689737014631,63.7092741968946,5.552,62.57,2945579890258.46
United Kingdom,2014,2135853223000.0,3.16017351468152,2883853723651.98,44627.8818268644,33052.5104147323,1.5960156271688,58890445252.7139,1.90870445734316,83.3245869745385,19.7332253904663,-1.757004820097,63.9276164145689,6.398,62.485,3085362169410.29
United Kingdom,2013,2070424225000.0,1.71846961308464,2795510733841.06,43585.1936238647,32280.269804643,2.15708778775598,54473175400.2415,1.94762104828418,84.134568088931,20.0423459760144,-1.30430748455065,64.4519616873999,7.752,62.352,2796908333283.39
United Kingdom,2012,2035445709000.0,1.52826034721852,2748282336997.97,43136.7006795996,31948.1048641522,1.54776864204749,46750789727.7263,1.71895853790766,84.4552037860078,20.6413631115148,-0.969792787162515,63.8930062472847,8.279,62.296,2719715961539.83
United Kingdom,2011,2004807038000.0,0.851437739020326,2706913649065.85,42791.0934313474,31692.1396086964,2.47595818739667,27012050072.3452,1.00957357920277,84.3025369098982,20.8042181029914,-0.794217773639252,63.6826961366991,8.195,62.115,2675590034128.66
United Kingdom,2010,1987881465000.0,2.26054460931586,2684060544650.54,42762.720840223,31671.1261676536,1.3283713684016,66734551294.0913,2.67286674184503,84.9403313077602,21.4325808449976,-1.55844734531101,63.5654913639292,7.973,62.136,2496740681057.14
United Kingdom,2009,1943937882000.0,-4.58740819226323,2624727410659.64,42146.5095879962,31214.7449100596,2.00745060148992,14547108445.0914,0.598804602454409,85.2523879300118,21.8398042843264,-1.23899820764971,63.8489680358855,7.683,62.366,2429358155475.93
United Kingdom,2008,2037401820000.0,-0.0494116727402769,2750923500693.34,44508.2874631479,32963.9358781316,3.30470549931354,253454117907.321,8.60551599075423,83.3890165938821,20.2703503957329,-1.67767537106397,63.3698181956626,5.748,62.584,2945251838235.29
United Kingdom,2007,2038409032000.0,2.93091133582351,2752283449984.53,44882.141312304,33240.8212631642,1.99341143170845,209514959646.908,6.74831602886359,82.7584584679412,19.5927252761275,-1.93339171981706,63.3228482550755,5.399,62.369,3104699879951.98
United Kingdom,2006,1980366253000.0,2.18982132415704,2673913418491.85,43944.9985799069,32546.7502327977,3.07552591877121,203636431868.244,7.4878491502754,82.9693927256982,19.7128707512449,-1.87905932019918,63.4519105867071,5.472,62.548,2719558417663.29
United Kingdom,2005,1937929069000.0,2.7906547174688,2616614241852.83,43320.5628684438,32084.2777377657,2.86399525809389,252653397148.111,9.90268786448172,83.7170024706948,19.5345943592335,-2.13027053644791,64.3381894446388,4.884,62.128,2551361818181.82
United Kingdom,2004,1885316398000.0,2.32601853325993,2545576004983.01,42434.8209023638,31428.2753831793,2.73053970408219,87059621382.2838,3.58303251413023,84.2188822154056,19.3341636884646,-2.31949382997914,64.9116937662332,4.594,61.882,2429774807762.72
United Kingdom,2003,1842460427000.0,3.21851612669614,2487711377293.16,41706.8303930126,30889.1076497542,2.38473961750429,36011240472.8341,1.74707721568844,83.808421689629,18.7759702558887,-2.13076890175223,65.133916619538,4.807,61.874,2061227755102.04
United Kingdom,2002,1785009605000.0,1.70902736258567,2410140612988.09,40594.932929345,30065.6089535676,2.08860163657185,89760582753.2234,5.01305498138785,83.673992128212,18.0900450844853,-2.37317163410751,65.6907569271567,5.037,61.791,1790536570743.41
United Kingdom,2001,1755015903000.0,2.39102229602824,2369642769659.08,40082.1359356822,29685.8188474757,1.71220036973506,56090924808.7937,3.38678339988188,82.9393451086531,17.1973730641732,-1.73561677887465,65.9130218627395,4.696,61.546,1656171009068.66
United Kingdom,2000,1714032992000.0,4.52438074810904,2314307169243.88,39297.1366317267,29104.4289941503,0.975617612640008,164130335444.122,9.81876940536536,82.2783973699241,16.5805392850386,-1.22533511833803,65.9026086232382,5.558,61.91,1671597821152.97
United Kingdom,1999,1639840370000.0,2.94445869854798,2214131432953.5,37730.7155591161,27944.2988984137,1.39449927458722,129891584490.273,7.67019369648798,82.5086197260604,16.3983541076135,-1.04736000886573,66.2766891462626,6.042,61.672,1693458987218.9
United Kingdom,1998,1592936998000.0,3.24631482881618,2150801957623.71,36773.9287790406,27235.6790016458,1.32852261085725,109817612847.492,6.6122467239177,81.6994148407864,15.9709175471977,-0.498103318295499,65.8952297757089,6.198,61.757,1660821464060.95
United Kingdom,1997,1542851191000.0,4.8799853038024,2083175521750.84,35721.6105928791,26456.3061884199,0.0361112084125352,51311836383.8207,3.26969165190333,81.1689456558366,15.9567842310016,0.533415959079391,65.3044894365279,7.072,61.861,1569317288801.57
United Kingdom,1996,1471063508000.0,2.61491606949487,1986246961912.3,34147.3459054033,25290.3669179835,4.1415146504375,32412668835.2521,2.27411515466645,80.3978507216982,16.5355201185628,0.476680943379498,63.7897612654867,8.189,61.685,1425287051482.06
United Kingdom,1995,1433576681000.0,3.53339096338078,1935631814547.44,33362.0161272507,24708.7323073137,10.8089989834776,29129258040.8363,2.15917152818541,80.5160944695475,16.9802823886652,0.563443873761435,63.4773271448473,8.694,61.573,1349094208616.06
United Kingdom,1994,1384651529000.0,4.95341092800692,1869572508478.99,32308.7952722115,23928.6909552448,0.323782435333555,19561337402.3077,1.71516994974045,88.0197976102931,18.8330325176195,0.269639396883504,69.0873291053629,9.648,61.741,1140489745944.29
United Kingdom,1993,1319301123000.0,3.49048744653493,1781335634495.42,30862.4118121654,22857.4636771424,1.73971156673159,19686257926.6484,1.85476418901581,88.4348821732459,19.1850113178115,-0.0843340859701526,69.1153985819531,10.346,61.887,1061388722255.55
United Kingdom,1992,1274804241000.0,1.29472849604493,1721255429795.6,29893.0776793743,22139.550901364,2.40945675811533,23011210833.6831,1.95066544669245,88.2647638246277,19.8755904012378,-0.458891946977699,68.1594037222726,9.772,62.387,1179659529659.53
United Kingdom,1991,1258509954000.0,-1.29243974751705,1699254695038.56,29590.9054053428,21915.7546595164,6.62319504227638,23244186242.4529,2.03397301702108,86.7013076303386,19.3976855267097,-0.124552522817555,67.0944520237173,8.55,62.657,1142797178130.51
United Kingdom,1990,1274988411000.0,0.779266119883417,1721504098259.6,30071.2085616955,22271.4790279541,7.83749804109193,41363405438.8264,3.78380567982468,85.13649794615,18.5427637723272,-1.59055505113916,66.4546491400468,6.969,63.023,1093169389204.55
United Kingdom,1989,1265129684000.0,2.28144671930745,1708192731044.26,29928.0161928787,22165.4272265268,8.24839062115159,27108240789.3914,2.92466121996993,84.4671495043353,18.3407039921484,-3.39499781116728,66.1282963114638,7.405,62.885,926884816753.927
United Kingdom,1988,1236910236000.0,5.0321018040183,1670090505985.98,29336.7220502717,21727.5001951138,6.84082662710344,26430921298.4346,2.90410516796534,85.5152134867913,18.7633168579028,-3.01937084571922,66.7295596193648,9.004,61.949,910122732123.799
United Kingdom,1987,1177649704000.0,4.56208082572655,1590076250308.92,27993.289860294,20732.52116781,6.27818524489476,13074923701.8406,1.75464033712155,85.9023832969636,19.5419576063952,-0.658295702521027,66.2518800785148,11.017,61.461,745162608269.325
United Kingdom,1986,1126268428000.0,4.01232987098167,1520700657209.66,26828.9203252802,19870.1603609057,3.47068969862579,8569621721.76597,1.42482066983063,87.2929039192223,20.2482928802786,-0.318333654228134,66.8858967953577,11.508,61.063,601452653180.885
United Kingdom,1985,1082822036000.0,3.59938143817158,1462038836257.16,25853.7914666851,19147.9558682198,6.06984746656354,5476472897.18803,1.11928039047476,85.358552239863,20.2757729160055,1.42263836685019,64.8684753613761,11.48,61.045,489285164271.047
United Kingdom,1984,1045201256000.0,2.67092491032817,1411242824002.48,25012.2474056338,18524.6875726223,4.61899494521043,-347322544.783191,-0.0752615937834715,86.4283461979674,21.0614176269506,0.252683702939362,65.0839597516617,10.901,59.79,461487097632.349
United Kingdom,1983,1018010948000.0,3.62434641923983,1374530155674.6,24400.1538085665,18071.3559520371,5.72895974357945,5178781725.93574,1.05771880105628,86.6403791319532,21.3590722629342,1.25347878179944,64.9671100089473,11.088,58.941,489618008185.539
Greece,2022,192091402000.0,5.52198580589408,214502162962.972,20552.3223279685,18405.0564143582,6.28541243425478,8057970156.10279,3.69648293387112,90.8491916149866,20.0673187289139,-9.65860211202177,68.3433019822137,12.426,52.246,217990189600.69
Greece,2021,182039222000.0,8.65449786002131,203277223532.871,19232.9683327114,17223.5459103034,1.39275644673982,6132475888.35529,2.8091475435209,90.0088720231986,21.4974385558012,-7.4918483495439,67.0716816185717,14.656,50.771,218303801895.326
Greece,2020,167539518000.0,-9.19623149726978,187085880047.738,17486.951333323,15659.9493073813,-0.363959702932064,3303648833.22836,1.72637818314203,93.8519251320754,22.7274940590434,-7.39288148125149,69.1479743901376,15.899,50.489,191362985554.861
Greece,2019,184507230000.0,2.27718065334808,206033167050.895,19216.6759579785,17208.9557306002,0.245015781395267,4999635989.53692,2.41172201156201,89.3698569803638,19.9791204523634,-1.46951784499308,68.3649191955026,17.045,51.422,207305649887.019
Greece,2018,180399214000.0,2.06467207892409,201445880434.67,18769.0389621976,16808.0869611722,-0.234800451317412,4025447788.57702,1.88723349665643,89.0231581031934,19.6597104516787,-1.97637075271039,68.8330418045266,19.179,51.449,213298873494.394
Greece,2017,176749908000.0,1.47312472702352,197370820217.692,18352.0884461258,16434.6986088567,0.2036135315862,3439131879.75516,1.7162955046024,89.4356641066057,20.4384126534599,-1.3237780053527,68.8100060538919,21.413,51.607,200381103984.298
Greece,2016,174183961000.0,-0.0317947678412054,194505511433.343,18049.928997892,16164.1081810632,-0.489961144384012,2698544612.16074,1.3975055397238,88.8308044018916,20.6180603140124,-1.29882864645453,68.0126932819622,23.514,51.664,193097239005.87
Greece,2015,174239360000.0,-0.228301892172851,194567373678.099,17980.7298238137,16102.1387995786,-0.174753732642159,1268938505.86333,0.652184629866422,88.8906368199546,20.7679837462522,-0.89892685269456,68.6886594094333,24.981,51.622,194567373678.099
Greece,2014,174638062000.0,0.792225060962835,195012591113.587,17903.5252440012,16033.0004012885,-1.92347455777482,2697339246.05447,1.15314480305525,89.2666523630357,20.7227080595732,-1.40344529704275,69.5329655860989,26.708,51.527,233911581521.062
Greece,2013,173265410000.0,-2.27211699888024,193479795684.276,17644.8766635021,15801.374911983,-1.9603216018036,2945271844.68568,1.24506178790059,90.1874203560882,20.9297924686921,-2.30033033301158,70.4881152535784,27.686,51.716,236556279640.705
Greece,2012,177293731000.0,-8.33113421099992,197978089510.093,17924.6620496886,16051.928875399,-0.334569925784251,1662090329.838,0.695897838082299,92.2019955936972,22.557839474738,-4.46256767459159,71.1547998139465,24.731,51.964,238841140018.233
Greece,2011,193406703000.0,-9.87677875300243,215970916413.204,19448.255802525,17416.3405718503,0.976657802861098,1092191387.83039,0.385622565634744,91.6063388999618,22.0783071279586,-5.67779708787698,69.6702222207762,17.973,52.23,283228079776.041
Greece,2010,214602519000.0,-5.6937412158003,239639588360.141,21547.724178239,19296.4606516426,1.18092065228493,532926980.500431,0.179789223267027,89.2490930316563,22.4102559565882,-7.46485939603497,67.4184073317536,12.719,53.003,296417644404.034
Greece,2009,227559148000.0,-4.11927606715011,254107830646.221,22878.1346644397,20487.8724863751,2.36843430509732,2766296835.47184,0.846404808815716,89.9995266355178,23.6284806116531,-8.91819537959393,69.066372801723,9.546,52.874,326829054686.306
Greece,2008,237335659000.0,0.0574740238200775,265024939553.215,23923.8800731311,21424.3604868494,4.06288884890627,5733447473.24928,1.6328960526629,86.6896804576571,21.0036498022038,-11.5356996297696,68.2927517038602,7.664,52.455,351121399546.485
Greece,2007,237199331000.0,3.50686976639459,264872706550.759,23973.6936091313,21468.9696033108,3.36710379338597,1957124444.19442,0.622837777539062,84.3585915900954,20.8256340521222,-11.0293068820126,65.7971878889616,8.351,52.357,314226996944.108
Greece,2006,229162887000.0,6.44339762487436,255898673342.699,23220.5324419197,20794.497222505,3.36453600825695,5411403362.23117,2.01112523714783,83.2645570351221,20.4905653377788,-9.55480097597339,65.2620682213101,8.906,52.489,269073415333.676
Greece,2005,215290842000.0,1.18350635493289,240408216059.142,21880.5265835801,19594.4925211021,1.90041788925922,688484256.649083,0.284127006962334,86.2025042323417,20.4795823716794,-8.37047286251092,67.6748128123319,10.074,52.221,242315668619.405
Greece,2004,212772664000.0,5.37786634595851,237596249349.014,21688.1050959558,19422.1748492329,2.96881070204127,2147927926.75839,0.914091172780157,83.4271523494324,19.6428208434707,-8.60669584532347,65.650341546977,10.628,52.081,234979615898.225
Greece,2003,201913999000.0,5.79682274294369,225470734593.334,20632.2557041942,18476.6385098192,3.55858829752319,1408086698.6235,0.71501703822218,84.0091532483091,19.4825367880777,-10.1473273864652,66.5560679222693,9.839,51.479,196930509813.384
Greece,2002,190850721000.0,4.68313727063017,213116735217.242,19548.3677447396,17505.9930167083,2.95365642320316,34180546.5370639,0.0227485404811931,85.61003960057,19.7788964081303,-9.28713234521815,68.0438398804881,10.346,51.087,150253800085.865
Greece,2001,182312764000.0,4.65041459442163,203582678904.899,18742.4235780691,16784.2522996406,3.47068701648989,2001266.56220201,0.00151553151660003,85.394757621478,19.3185597563907,-10.5381148035437,68.2898035661242,10.764,50.96,132050474720.03
Greece,2000,174211220000.0,4.13782699405849,194535950663.831,18002.9064613985,16121.9984660101,1.61880051326631,-8195469.28845516,-0.00651674495547755,84.9769292891877,18.942080044244,-11.0901418437419,69.3919259845378,11.345,51.678,125760166224.805
Greece,1999,167289087000.0,2.65878562321184,186806231970.762,17358.4346978294,15544.859835316,3.50943982797402,82701091.4183122,0.0603079297166702,86.1069560822192,18.6956372889632,-9.34420119618667,69.3915804813853,12.138,51.844,137131371955.307
Greece,1998,162956425000.0,3.43693579661333,181968090540.634,16973.8293714071,15200.4373113254,5.27870900453958,71200000.0,0.050998184830191,85.7813531703103,18.1010217911552,-9.51806379376436,69.3130526393959,12.227,52.147,139612812175.718
Greece,1997,157541814000.0,3.60288326516122,175921772178.591,16501.0316491318,14777.0365582526,6.61834396635828,984000000.0,0.709107072596583,85.5652460918266,18.2422853905251,-6.69789038453323,68.8171862950314,10.472,49.09,138766067640.085
Greece,1996,152063156000.0,1.38247057325857,169803934634.075,16005.9511569711,14333.68109494,8.1968567625353,1058000000.0,0.742440592629103,86.4341300277553,18.0228219972902,-8.19416390199375,69.5623766914023,10.402,50.029,142502984144.96
Greece,1995,149989594000.0,2.09971953235275,167488456016.048,15857.4161930856,14200.6647697681,9.79183641453551,1053000000.0,0.780146702751379,86.645468568771,18.0436516636729,-7.38600755547284,68.9520366519326,10.116,49.269,134974613913.811
Greece,1994,146905001000.0,1.99999984724822,164043992268.73,15604.0339944242,13973.7554411609,11.1818886200796,981000000.0,0.853191390471272,85.3190278896054,16.2103603574166,-6.44010890749807,69.1444639187265,9.808,49.339,114980063202.247
Greece,1993,144024511000.0,-1.60000002186294,160827443641.566,15374.8626265369,13768.5274437008,14.4287485501317,977000000.0,0.910567673128218,86.004883045857,16.8331847640658,-8.04553076630574,69.3055408371549,10.177,49.023,107295704518.43
Greece,1992,146366373000.0,0.700000337119789,163442524062.296,15717.04638162,14074.9605180699,14.7988124741645,1144000000.0,0.998183564137125,85.0372696514675,16.1733636771943,-8.14382497204299,68.9028660317915,8.927,48.907,114608178405.434
Greece,1991,145348930000.0,3.09999970633838,162306378863.087,15727.4735434744,14084.2982707145,19.7877437590807,1135000000.0,1.09470538665989,83.8636522394406,16.72267030785,-9.25144486292857,67.3327401732894,7.572,48.047,103680863712.844
Greece,1990,140978594000.0,0.0,157426168113.858,15438.7937023583,13825.7791273961,20.6905968705984,1005000000.0,1.0411315622269,84.9011271743519,17.7296381357108,-9.5922077718476,67.5244319389909,7.012,49.712,96529587274.2906
Greece,1989,140978594000.0,3.79999995287797,157426168113.858,15602.9733207597,13972.8055845791,14.4989731477113,752000000.0,0.963263619811844,83.5279978376215,17.6400644424058,-7.93882051304242,66.2743024013889,7.505,50.332,78067933277.3815
Greece,1988,135817528000.0,4.28786172851761,151662975130.371,15110.414666476,13531.7084825191,16.6798697761862,907000000.0,1.20610723549795,81.6470790564394,16.6115814041353,-6.09486407308193,65.2878708864054,7.828,50.464,75200610136.9205
Greece,1987,130233304000.0,-2.25886322369171,145427255498.996,14541.8603092112,13022.5555579443,15.2526822017377,683000000.0,1.05499521543635,83.3424111581023,18.8843087107199,-5.1513575205765,65.0983621474103,7.448,50.026,64739630095.6215
Greece,1986,133243083000.0,0.517660006338886,148788176908.38,14927.7613419499,13368.1384154226,18.8819987225397,471000000.0,0.847191700685449,78.6953574974728,18.5370921670405,-6.31131694579123,60.9029078784964,7.356,50.988,55595445472.2493
Greece,1985,132556889000.0,2.50955640237393,148021926593.792,14900.0862258833,13343.354740646,19.0259502676797,447000000.0,0.947922748071888,78.9726961103738,19.5529541253759,-7.19143488391878,60.3556875804394,7.8,51.509,47155741426.1041
Greece,1984,129311738000.0,2.01058093704644,144398172998.4,14591.8630536729,13067.3341147422,21.9184595112788,485000000.0,1.02424079534783,79.2745253634268,18.8104320136056,-6.37657853089455,61.2413935313191,8.1,51.666,47352146311.971
Greece,1983,126763064000.0,-1.07862273931177,141552152406.143,14375.6996589942,12873.7550432244,20.61219942956,439000000.0,0.900671762588572,81.2711412040086,18.2479927989197,-7.27744524575544,63.6143537912581,7.804,51.895,48741397058.8235
"Hong Kong SAR, China",2022,2890231000000.0,-3.68378414495199,317951587861.717,43281.6852291306,393437.470222295,1.68864877684707,122407913138.418,34.127375983385,80.678177651658,14.3371108759121,4.09189279055767,66.3410667757458,4.318,58.213,358679533984.718
"Hong Kong SAR, China",2021,3000773000000.0,6.45444409087024,330112209080.37,44530.9262090583,404793.271370951,0.683603053456778,137191251277.419,37.1838191639948,77.654671086513,12.6776298103225,5.56884601075394,64.9770412761905,5.174,59.375,368954169748.818
"Hong Kong SAR, China",2020,2818833000000.0,-6.54480412699255,310097161184.35,41451.2981131333,376798.957358642,0.638332479637313,117452284750.967,34.0497513548395,79.0888532857362,12.7458289934984,1.92925984932317,66.3430242922379,5.808,59.712,344943149590.058
"Hong Kong SAR, China",2019,3016240000000.0,-1.6724459934221,331813719170.552,44195.2768644431,401742.164919618,2.04497329596536,58299361094.7774,16.0571325877868,80.2509435779407,10.8764361048878,1.55910920899733,69.3745074730529,2.917,60.672,363074545072.389
"Hong Kong SAR, China",2018,3067543000000.0,2.84695146463069,337457513840.276,45280.5079891951,411607.090143037,3.65952950249142,97036255478.9459,26.8255240590301,78.2190984150899,9.92512949539558,-0.213759540443439,68.2939689196943,2.805,61.275,361731070995.726
"Hong Kong SAR, China",2017,2982629000000.0,3.79611114629799,328116204743.636,44380.8100340362,403428.691229779,2.88057978613993,125716724339.795,36.8375516616862,76.9218506014601,9.83027217138145,1.00913253855545,67.0915784300787,3.124,61.12,341273289534.466
"Hong Kong SAR, China",2016,2873546000000.0,2.17542886502997,316116086739.67,43087.5455578429,391672.709429436,1.63827368479652,133259182324.997,41.5318364506118,76.2095689468955,9.95636389333004,2.28302600419658,66.2532050535654,3.392,61.052,320860317562.562
"Hong Kong SAR, China",2015,2812365000000.0,2.38777942738729,309385622601.348,42432.1619740441,385715.167391275,3.64356946616446,181047431127.246,58.5183725103253,76.0692663075204,9.64286905615691,2.38925396534183,66.4263972513635,3.314,61.144,309385622601.348
"Hong Kong SAR, China",2014,2746778000000.0,2.76242639191302,302170458556.299,41796.8681867763,379940.24483021,2.85026105901136,129847455921.474,44.5506957088126,75.9725752819131,9.47856310052411,0.204955298771463,66.494012181389,3.296,61.057,291459995978.893
"Hong Kong SAR, China",2013,2672940000000.0,3.10152391561608,294047609778.975,40959.9813033996,372332.808647564,1.81246659349989,76857453417.8736,27.8775202185389,75.36950996233,9.28642078655758,0.60010148224879,66.0830891757724,3.4,61.217,275696879834.966
"Hong Kong SAR, China",2012,2592532000000.0,1.70030613669923,285202001494.798,39887.8339456509,362586.816967595,3.5448083854078,74887135901.3219,28.5144344855168,73.6492659270055,9.09693828210179,1.1306005373433,64.5523276449038,3.285,60.501,262628865879.697
"Hong Kong SAR, China",2011,2549188000000.0,4.81470669259771,280433768912.6,39656.3392885062,360482.493353696,3.89787279394704,96135081265.0953,38.684029536737,72.0066893089954,8.71145505394354,3.85012639382144,63.2952342550519,3.422,60.073,248513617677.287
"Hong Kong SAR, China",2010,2432090000000.0,6.76768834119794,267551928313.897,38090.0213994329,346244.412175052,0.27063889422439,82709142976.2978,36.174608362048,70.2348997822479,8.85932359491356,5.87463379593454,61.3755761873343,4.329,59.59,228638668727.291
"Hong Kong SAR, China",2009,2277927000000.0,-2.45915292608368,250592602004.157,35938.5902369431,326687.557365764,-0.375400400770928,54275707074.2543,25.3568166432836,70.280579420158,9.19165041931722,7.87255649406809,61.0889290008407,5.26,60.77,214047795659.045
"Hong Kong SAR, China",2008,2335357000000.0,2.1279154483889,256910422168.323,36924.0883854556,335645.893817011,1.28148347237271,67035187587.6671,30.570763400766,68.7852381892219,8.66870435909614,10.1735474413568,60.1165338301258,3.56,60.88,219278749139.734
"Hong Kong SAR, China",2007,2286698000000.0,6.46480843115236,251557491446.259,36371.6859370268,330624.466839206,3.1374564373978,62121011424.0703,29.358179802523,67.928573332461,8.41838527317181,10.6753511724325,59.5101880592892,4.01,61.22,211596944503.8
"Hong Kong SAR, China",2006,2147844000000.0,7.03267723716037,236282293795.638,34458.0498746756,313229.207682548,-0.534868677821166,44901793968.8763,23.2008118497036,66.5531868472499,8.7695421761119,11.1616648407458,57.783644671138,4.77,61.26,193535442896.365
"Hong Kong SAR, China",2005,2006718000000.0,7.38818981322424,220757155566.696,32401.3907659685,294533.846063524,-0.150093358862904,40963127270.6954,22.5606006200286,66.7235549260866,9.24606532707798,12.2166238824467,57.4774895990086,5.58,60.99,181569311742.213
"Hong Kong SAR, China",2004,1868658000000.0,8.70010092519611,205569305107.619,30304.3126863152,275471.069506892,-3.59088245768518,22194238604.966,13.1249372796878,68.9318265172,10.3537798350582,8.71073974770473,58.5780466821418,6.74,61.27,169099768875.193
"Hong Kong SAR, China",2003,1719095000000.0,3.05632955101336,189116020461.734,28097.108881817,255407.23242408,-6.00774091225087,18567357065.233,11.5049681043857,68.5230557927346,10.9931095618655,9.09730406336116,57.5299462308691,7.86,61.35,161385558801.811
"Hong Kong SAR, China",2002,1668112000000.0,1.65668551983116,183507428690.366,27210.0693480769,247343.900594594,-3.401874604949,6747855220.81764,4.05644798053661,68.661978616262,10.6355229658201,8.15706895873945,58.0264556504419,7.28,61.83,166348866131.028
"Hong Kong SAR, China",2001,1640927000000.0,0.560861638399899,180516832466.043,26885.4284833926,244392.862993909,-1.7740137650017,31291719644.6149,18.4716176291754,69.8183843977407,10.2037479695597,4.69041178011145,59.6146364281811,5.09,61.43,169404327616.605
"Hong Kong SAR, China",2000,1631775000000.0,7.6634341189713,179510029573.087,26933.2377453994,244827.456864216,-3.39421025011872,70495739305.8458,41.0649470707168,68.0086968159276,9.36776869699537,4.40889389989241,58.6409281189322,4.92,60.68,171668891194.349
"Hong Kong SAR, China",1999,1515626000000.0,2.50675994648854,166732587569.818,25237.6579989129,229414.364640884,-4.09573706468056,25355410569.0153,15.2957120663804,69.855654903083,9.61198992803741,5.16483584847264,60.2436649750456,6.25,61.3,165768095391.557
"Hong Kong SAR, China",1998,1478562000000.0,-5.88264500371425,162655211867.839,24856.7648070417,225951.984351361,1.21987803214981,13939361335.8581,8.25373758316011,70.4600045563171,9.02471878502287,0.536131747898055,61.4352857712943,4.58,62.0,168885443660.072
"Hong Kong SAR, China",1997,1570977000000.0,5.09978939593832,172821698903.733,26631.7937071384,242087.282141371,5.76017273592078,11368147930.0,6.40989254330133,69.1571449067536,8.04386916158746,-3.35733528126122,61.1132757451662,2.22,61.77,177353174849.714
"Hong Kong SAR, China",1996,1494748000000.0,4.25843711528601,164435818470.263,25551.3664004759,232266.024395929,5.88371428114674,10460173710.0,6.54914392178605,69.6843927107644,8.14433081491879,-1.4847393469284,61.5400618958456,2.83,61.78,159718183550.734
"Hong Kong SAR, China",1995,1433695000000.0,2.37380672369116,157719435491.282,25620.0249332016,232890.141485681,4.13952748822763,6213362500.0,4.29537774314548,70.190329631834,8.02694534256295,-4.48103048598488,62.163384289271,3.22,61.97,144652295363.667
"Hong Kong SAR, China",1994,1400451000000.0,6.0360512473774,154062294388.417,25526.4430507368,232039.467143851,6.3212484593282,7827938820.0,5.7638146979781,67.463534074561,7.54184887720201,1.1571917188289,59.921685197359,1.9,62.49,135811771026.33
"Hong Kong SAR, China",1993,1320731000000.0,6.20112526967796,145292372335.704,24621.6526581433,223814.777156414,8.61298201277168,6929625910.0,5.75769286965291,66.0039097324411,7.47628919130836,6.74622184509296,58.5276205411328,1.96,62.45,120354212475.0
"Hong Kong SAR, China",1992,1243613000000.0,6.23495995728777,136808693850.24,23585.6725886113,214397.551935178,9.89932508775016,3887467100.0,3.72818031138965,66.6229727553182,7.62417454437327,5.2001536307658,58.998798210945,1.96,62.28,104272507639.282
"Hong Kong SAR, China",1991,1170625000000.0,5.70196943141934,128779352771.672,22388.6218309583,203516.168289291,9.14039863547187,1020860060.0,1.1475495549678,66.2790041702648,7.12850577805165,6.79957125685099,59.1504983922132,1.8,63.44,88959997899.9293
"Hong Kong SAR, China",1990,1107477000000.0,3.83051133487089,121832500817.523,21357.261954163,194140.941362083,7.56493614762985,3275072300.0,4.25727809966442,64.2915548613614,6.83664410535731,8.53792035457301,57.4549107560041,1.32,62.99,76928784620.8158
"Hong Kong SAR, China",1989,1066620000000.0,2.2770749650245,117337860760.979,20635.5493582672,187580.457950828,12.5593652583089,2041094981.4,2.96712963818199,62.0136126942474,6.32923188173506,11.4628800614286,55.6843808125123,1.07,63.55,68790219177.9733
"Hong Kong SAR, China",1988,1042873000000.0,8.51154597319032,114725475675.858,20386.2171575554,185313.988201009,8.80194208237187,4978949480.4,8.33891460706031,62.7219595087496,6.11488255134356,8.92601206670157,56.6070769574061,1.36,64.49,59707404560.5944
"Hong Kong SAR, China",1987,961071000000.0,13.3984333057626,105726514765.722,18945.7064359327,172219.514380432,8.61134161583638,6249829233.7,12.3458547563647,63.5185044456266,6.28011247055247,10.4136585860121,57.2383919750741,1.73,64.76,50622896162.6006
"Hong Kong SAR, China",1986,847517000000.0,11.0561192332237,93234546266.3014,16876.2528085837,153407.84853202,3.77068957369792,1888313589.9,4.59718890895098,67.464004367834,6.97886280321348,9.10350206692146,60.4851415646205,2.82,65.09,41075396884.8952
"Hong Kong SAR, China",1985,763143000000.0,0.757054642867999,83952642060.636,15386.6504271537,139867.123639163,5.36132389169641,-267220620.9,-0.748521922379866,68.4605649197492,7.00540758212046,10.0392624978427,61.4551573376287,3.18,64.85,35699772165.7093
"Hong Kong SAR, China",1984,757409000000.0,9.97374832660103,83321850125.7356,15435.9751247218,140315.493062117,9.64207627617404,1287739696.0,3.84269326671349,67.5795444135699,6.78074139668387,8.00253442853217,60.798803016886,1.92,66.2,33511383985.6741
"Hong Kong SAR, China",1983,688718000000.0,5.97699557607231,75765217966.642,14174.7054249017,128850.3489177,4.6027248927228,1144127082.4,3.82558729150674,71.5253519635863,7.39089013765585,1.80503587520308,64.1344618259305,2.11,65.17,29907227184.179
Ireland,2022,477124610000.0,7.51113888415304,509781668505.942,97793.5366671697,91528.7973763226,8.00407718550366,-35575910807.5925,-6.48790793588936,35.2926379153271,11.0654566411677,41.2565415180178,23.8388072456661,4.465,64.68,548341794599.09
Ireland,2021,443790862000.0,16.2581881158197,474166373639.897,92781.2322150786,86837.5855210313,1.04875097676076,77722796051.0396,14.6537815105934,35.4088187954271,11.7054714853037,41.7629895821166,23.6633183320404,6.357,63.676,530394123829.763
Ireland,2020,381728693000.0,7.15369505735335,407856325068.063,80927.936475395,75743.6222492915,-2.06419100307969,35288206770.2389,8.0934578228257,37.4154894874512,12.6225400090635,20.8433427874388,24.666706413919,5.623,61.12,436009027818.948
Ireland,2019,356244078000.0,4.97288003766816,380627401462.693,76485.635854651,71585.8992825416,3.39701463997982,31252184929.3129,7.67467578422042,40.8245697700487,11.8119798486019,4.79624577391712,28.8101581188031,4.95,62.338,407211793800.713
Ireland,2018,339367728000.0,7.68865937437435,362595940328.693,74029.0550611436,69286.689198211,0.921717914808411,80581468516.7593,20.3601504375203,41.937869412204,11.7440209496828,29.4837148733641,29.979166634155,5.741,62.163,395780319816.603
Ireland,2017,315137852000.0,10.1088576065965,336707637029.955,69748.6221034014,65280.4645107298,1.49398382531361,71124020351.904,20.4170966260237,42.5634616023903,11.9291911581432,23.6884582390975,30.8167883242285,6.713,61.978,348355212568.515
Ireland,2016,286205723000.0,1.22271661130947,305795232417.145,64205.979777351,60092.8886884433,0.11646501817107,79795011377.5093,26.1253590357369,45.3301559017878,12.5364480955914,18.6483398889733,33.0858053763103,8.374,62.178,305431252708.748
Ireland,2015,282748510000.0,24.6239856364006,302101388556.271,64250.1385181257,60134.2185817522,8.91781250799578,226022972770.416,74.8169261487244,43.8251089443182,12.1147192419549,29.6721056310473,31.8423142553487,9.908,61.815,302101388556.271
Ireland,2014,226881293000.0,9.38579335130922,242410308909.292,52044.6201181887,48710.5963407146,0.259310565967979,104903896347.793,39.3649751606697,57.4958831200419,15.9876242099312,19.0129288949413,41.6494265282058,11.858,61.753,266490442124.309
Ireland,2013,207413857000.0,2.1929375750029,221610413457.216,47928.0346487005,44857.722928421,1.33716015656439,72540330763.7405,29.8612971089447,60.7339317064248,16.843884115121,19.7503752502083,44.0962385229442,13.735,61.963,242924245718.756
Ireland,2012,202963005000.0,-0.40502941658977,216854920423.995,47147.1604669421,44126.8722281153,2.43747909951173,58090414122.9928,25.5993064499855,62.7948517983689,18.0944284777264,17.2877080611783,44.9411522327052,15.451,61.638,226921827888.137
Ireland,2011,203788408000.0,1.60886648916944,217736818590.032,47539.9181739968,44494.4695337465,1.86791206145536,23699352432.596,9.83474085171317,64.3696215723605,18.9394324176037,18.5168918408612,45.6570075805329,15.354,61.963,240975871046.644
Ireland,2010,200561639000.0,1.68297175486512,214289191596.523,46991.6464673949,43981.3205910764,-2.9689268813618,37748455283.6937,17.0242973051905,65.9753899348326,18.6807522831162,16.5738839248173,47.4576587257033,14.534,62.6,221732824603.484
Ireland,2009,197242110000.0,-5.09578277913846,210742455593.378,46466.3794269222,43489.70261555,-4.62459856272136,53974309647.0523,22.827608853053,67.3162194416882,20.0406285492001,13.5208404936363,47.2755908924881,12.609,64.087,236443115853.695
Ireland,2008,207832819000.0,-4.48407081043062,222058051543.628,49461.1594281353,46292.6343967227,-0.504525470643273,23287686335.9746,8.45449268903961,67.0339979580526,18.6524250310558,8.62712657668423,48.3815734609481,6.774,65.939,275447471451.063
Ireland,2007,217589695000.0,5.31011830898613,232482742331.818,52849.6948429458,49464.0972761178,1.19848797629278,59934755383.4485,22.1915415030247,62.0371003725003,16.8469994194329,8.2767290766954,45.1901014605028,4.98,66.625,270079279419.5
Ireland,2006,206618033000.0,4.98785364537615,220760118842.237,51656.8194855887,48347.6385550232,3.41989784524553,22070063905.101,9.50555829114517,60.046156139999,16.2267367718476,8.04754074524432,43.8194188273661,4.355,62.741,232180617162.279
Ireland,2005,196801845000.0,5.73978202625278,210272056411.317,50547.2123729763,47309.1138422573,3.0732108291573,47001243614.0877,22.1832694953892,59.6917497669573,16.0571073028133,10.8798085619206,43.634642464144,4.237,61.466,211876989655.907
Ireland,2004,186119019000.0,6.78813990621356,198858038461.921,48856.3238587396,45726.5451216654,0.515336799580226,-10607612700.0,-5.4573737070047,59.9311041637278,16.1660379632399,14.3636356317557,43.7650662004879,4.491,60.066,194372115041.065
Ireland,2003,174288099000.0,3.01383869396012,186217344582.055,46594.8620267616,43609.9545079333,3.91173008246848,22781292820.0,13.8344483636902,60.5205385191248,16.0558800096065,15.1496954316653,44.4646578225959,4.478,59.694,164670771259.602
Ireland,2002,169189015000.0,5.89936506079005,180769250950.138,45974.4881988842,43029.3223687908,5.18690372000825,29323796530.0,22.8030331294708,60.367501720284,15.8062322641555,17.179604266519,44.5612694561285,4.216,59.597,128596035288.401
Ireland,2001,159763956000.0,5.30582133514299,170699088560.512,44151.1536032557,41322.7921783499,6.85968625672153,9650920350.0,8.82598474922644,60.9725789446327,15.3998306188885,15.6080341734477,45.5727475066708,3.684,59.18,109346669229.695
Ireland,2000,151714268000.0,9.40352476399653,162098435201.65,42599.4803921319,39870.520507078,6.8749502009444,25779436150.0,25.7260262363322,61.6693458459749,14.7459204426839,13.8243513964924,46.923425403291,4.318,58.981,100207610429.909
Ireland,1999,138674022000.0,10.5298856427062,148165642333.121,39460.4758655009,36932.6033494319,4.37619400290194,18210641710.0,18.4143116828593,62.4781557712244,15.0261987411711,13.0491768841878,47.4519570300533,5.804,57.949,98893958262.6438
Ireland,1998,125462920000.0,8.7661226571214,134050299130.928,36105.9184837456,33792.9418406463,6.55277990649559,8862216910.0,9.82513843344542,64.1177633736244,15.5479515599581,10.8757322784275,48.5698105703618,7.699,56.449,90199410115.5097
Ireland,1997,115351101000.0,11.0217650823433,123246371072.281,33543.9942975657,31395.1367532975,3.92925949015415,2028797820.0,2.44856369452834,66.3137601911934,16.1188292416928,11.9801191137344,50.1949309495006,10.191,55.435,82856648758.3572
Ireland,1996,103899538000.0,7.37962465765875,111010999492.641,30518.4039336362,28563.3683481283,2.29225292815691,2617483000.0,3.45356359013551,69.3244388534546,16.5925495108963,10.9458856258328,52.7318893425583,11.692,54.85,75790786290.3226
Ireland,1995,96759081000.0,9.63442136559036,103381809953.759,28646.8176219898,26811.6774887007,3.03399685871402,1442925000.0,2.08696657373782,69.6266440754481,17.2179345251553,10.9368367497134,52.4087095502928,11.97,53.922,69139823232.3232
Ireland,1994,88256115000.0,5.75582797061618,94296853730.8362,26263.7091752353,24581.23304848,1.69452998904053,856979000.0,1.50090049057357,73.8697757298419,18.1645728775386,9.43116281881042,55.6915300816426,14.544,53.916,57097656065.96
Ireland,1993,83452720000.0,2.69260841466448,89164687696.4892,24932.3770542724,23335.1872248698,5.17575334233229,1077890000.0,2.05635610310019,74.2340210182907,18.3433303111039,10.131253886821,55.8835424286163,15.571,53.327,52417477613.676
Ireland,1992,81264583000.0,3.34327412603812,86826782446.1614,24400.3064402451,22837.2015186473,2.81222184927528,1458175000.0,2.60767725514267,75.9862148966962,18.5489721857361,7.2654788572943,57.4130957762513,15.021,52.575,55918538121.3989
Ireland,1991,78635580000.0,1.9296401741083,84017835877.9952,23772.5663058612,22249.6749650207,1.80139377913511,1361668000.0,2.73495949116743,75.7881461483155,18.152851922838,4.72345901048339,57.5854487165125,15.771,53.197,49787501584.4847
Ireland,1990,77146922000.0,8.46652776398362,82427285855.6966,23456.999356198,21954.323509508,-0.729184224176535,621911000.0,1.26133865366034,74.4215658835292,17.1603596265385,4.38301250340339,57.1629840631129,14.077,52.951,49305632408.4929
Ireland,1989,71125096000.0,5.81391994557339,75993292635.9118,21644.2887602714,20257.7367360779,5.52176642216907,192759335.7,0.491251864680183,76.3061763441183,16.6751579550315,5.39114316238222,59.4621854055889,16.092,52.711,39238392677.7542
Ireland,1988,67217145000.0,5.21741342322537,71817859762.6851,20374.1557006031,19068.969508495,3.24631180689816,257438683.1,0.681543405079274,77.9536680382861,17.9558926808782,5.96640313248989,59.8934960299627,17.431,53.171,37772896220.7559
Ireland,1987,63884050000.0,4.66309058769842,68256629227.1468,19281.2232196111,18046.0512358982,2.19740999551902,322476620.4,0.950683051826617,79.6761859064745,19.7000271654266,4.13542812253433,59.9693751479167,18.056,53.586,33920518492.5094
Ireland,1986,61037802000.0,-0.428330204205935,65215568204.4892,18424.0903029613,17243.8270017996,6.54969589161989,250293354.5,0.871659712656952,81.4449676638591,20.8783885777007,1.07277818437081,60.6145361499343,18.02,53.414,28714571852.4799
Ireland,1985,61300370000.0,3.08561465915007,65496107816.8481,18511.7551873722,17325.8759972211,5.18633017364898,163660000.0,0.76944004451248,80.8838045327315,20.643390936299,0.314343939178285,60.2812884890719,17.92,53.33,21270013325.5601
Ireland,1984,59465494000.0,4.35437267775501,63535642711.5551,17986.419721408,16834.1939795998,6.37927123866406,121360000.0,0.603581448557054,80.2616770195196,20.7952064388767,-1.68502616744721,59.5300422945292,16.438,54.009,20106648454.8404
Ireland,1983,56984190000.0,-0.244301213870017,60884504483.3458,17343.0480497196,16232.0372585883,10.7088797910445,169650000.0,0.816958536991972,81.7687657031586,21.5094630067083,-3.82797565178816,60.3480489469814,14.764,54.97,20766047763.5314
Italy,2022,1906866700000.0,4.82117669913565,2000084512919.56,33891.8866526216,32312.2896260624,3.45535917134771,61897757337.9736,2.94181405797187,77.2204823788685,18.7892572071706,-1.81822222075414,58.3667079964962,8.069,49.1,2104067630319.46
Italy,2021,1819161700000.0,8.93106210800055,1908092024820.83,32267.7091050201,30763.8100191241,1.28332187292641,26253856510.1011,1.20474315612308,75.9576270901273,19.1946040488087,2.04124010573852,56.0602741676913,9.497,48.573,2179207773596.09
Italy,2020,1670011900000.0,-8.86822122185345,1751650987235.43,29469.7989238626,28096.3018615552,1.57740278796771,-17050399620.8672,-0.893869914296462,78.5890867005199,20.5680570300128,3.51222646976348,57.7189599666925,9.192,48.388,1907481094079.23
Italy,2019,1832524200000.0,0.429162533780342,1922107755078.16,32180.4341017428,30680.6026364276,1.04700690430435,35760550299.4852,1.77066894209208,78.4303053523295,18.5421071991348,3.20555757691456,59.5698341103556,9.884,49.818,2019606796583.53
Italy,2018,1824693300000.0,0.826646712344115,1913894038926.83,31819.3971830067,30336.3925426233,1.07058151640653,44249715319.1483,2.10769610409512,78.9871029828585,18.8133907214108,2.35203103438267,59.9730197434457,10.538,49.822,2099435266458.67
Italy,2017,1809733200000.0,1.60369995294101,1898202609462.08,31635.52277108,30161.0879538321,0.709821715080693,8737024578.66006,0.44334154868577,79.1338056386583,18.7448158290116,2.69677780306369,59.9796903742233,11.211,49.813,1970720904584.71
Italy,2016,1781168600000.0,1.23622108511661,1868241619489.51,31077.6792675211,29629.2438273081,1.24817184167345,25656663794.7916,1.35957350873308,79.122790789396,18.9253442826016,3.16535108200003,59.8043636160154,11.688,49.501,1887111188176.93
Italy,2015,1759418300000.0,0.885667635240807,1845428048839.1,30639.8829751432,29211.8518791548,0.782776477740896,13303439230.2377,0.720886367724088,79.8661462244098,19.0193134916677,2.85253629024185,60.4791490921811,11.896,48.968,1845428048839.1
Italy,2014,1743972500000.0,-0.00138761730454462,1829227175768.29,30325.0287793923,28911.6720730743,0.902550708834269,17032744039.0433,0.783743281747353,80.1330447449178,19.437905453041,2.79027553950321,60.2926319298952,12.683,49.058,2173255507985.84
Italy,2013,1743996700000.0,-1.81802510749792,1829252558793.34,30330.0221599668,28916.4327274749,1.12578403623358,19531411961.8184,0.907076904789878,80.6730774390572,19.7032469855095,2.32070018103813,60.5818422663301,12.149,48.793,2153225581941.46
Italy,2012,1776290100000.0,-3.12523877282996,1863124632394.25,30953.4147447427,29510.7708933161,1.70237982317502,34901033.014975,0.00166359418160288,80.944314664996,19.7044703023489,1.0858788834701,60.9780767145049,10.655,49.082,2097929495121.68
Italy,2011,1833594300000.0,0.695463154440176,1923230167272.61,32039.5032494316,30546.2401394736,1.72878370885738,34465481829.5316,1.49396922230512,80.6688785348188,19.7131321083587,-1.3462416362579,60.7990999191366,8.359,48.142,2306974020278.21
Italy,2010,1820930400000.0,1.52910573247101,1909947188308.66,31928.5543621096,30440.462239955,0.597839702916559,9930501390.90892,0.462974196548407,81.0278373543917,20.4683139046718,-1.82480896905809,60.4751386125867,8.363,48.204,2144936254535.0
Italy,2009,1793505800000.0,-5.30515401233991,1881181927615.29,31587.0638416305,30114.8875466553,1.77253535397509,16607196344.8457,0.751632233908177,80.8847799908441,20.5892052227792,-0.587157381055368,60.1716942317273,7.749,48.477,2209484319012.65
Italy,2008,1893984600000.0,-1.02313851177097,1986572667176.02,33550.6340800063,31986.9417906054,2.40459496845904,-9501579210.4657,-0.393031898243064,78.6899559705711,19.4883090708703,-0.728731702770571,59.2112409981561,6.723,49.101,2417508414187.19
Italy,2007,1913563000000.0,1.46229205289291,2007108163772.48,34159.9109244074,32567.8221074944,2.46674492041734,65975535145.4856,2.9684958153757,77.7178658758986,18.9469848114449,-0.337932478250641,58.8152970205298,6.076,48.752,2222524108127.65
Italy,2006,1885984400000.0,1.79947992234244,1978181374737.88,33873.0493680093,32294.3302895875,2.21589142791035,56995485107.01,2.91006549515942,78.4570477353093,19.3941241808101,-0.817417311071053,59.1065876119216,6.777,49.077,1958563654385.64
Italy,2005,1852646400000.0,0.762410677306491,1943213635518.5,33407.6754716472,31850.6460451019,2.08420453015475,36762073074.9389,1.9711754818286,78.5724525375047,19.5433431498437,-0.0984675130252154,59.0997997362504,7.73,49.11,1864982261286.85
Italy,2004,1838628500000.0,1.4740217064723,1928510465814.16,33348.9744820456,31794.6809288254,2.62976042746949,20100742901.8036,1.10881762156492,77.7707124723523,19.0931359128263,0.587289504103389,58.7849833829231,7.866,49.681,1812808753294.75
Italy,2003,1811920400000.0,0.0665538088732092,1900496731461.62,33110.1698494812,31567.0062487299,3.16726436365273,19572886733.5721,1.23649728851371,77.9657292555449,18.9117941725871,0.454013403021039,59.1904949742244,8.869,49.242,1582930016538.82
Italy,2002,1810715300000.0,0.26992966378873,1899232719747.26,33267.4474482048,31716.9536203159,3.30500762478148,17239360004.8834,1.34499006490549,77.193979029338,18.4739860052468,0.754070958478514,58.896176034876,9.211,48.76,1281746271196.04
Italy,2001,1805840800000.0,2.00643329837733,1894119928193.34,33243.599343976,31694.2170031789,3.06397974076236,14878086498.8458,1.26941636801649,77.4356650130966,18.3367541043712,1.25888806333925,59.2896304520377,9.599,48.285,1172041488805.87
Italy,2000,1770320500000.0,3.88209885062652,1856863206512.55,32609.66746283,31089.8307452896,1.75602880174426,13172981900.3999,1.14581409094162,77.8287378242052,17.6899799974967,0.847660105586353,60.3923440655518,10.834,48.129,1149661363439.38
Italy,1999,1704163200000.0,1.67799157943422,1787471784895.84,31405.2609007683,29941.5578840071,1.47730124858224,6941768225.12833,0.553126854699131,77.5180444613081,17.5114477121433,1.77706299785054,60.3157896435284,11.681,48.027,1255004736463.98
Italy,1998,1676039400000.0,1.8043732818638,1757973143577.88,30892.1758654455,29452.3861706092,2.36853682115132,2640065101.35419,0.207433276751061,76.7400290626965,17.4915934783477,3.0267771460376,59.5782912312111,12.117,47.76,1272729786996.77
Italy,1997,1646333400000.0,1.92572122608527,1726814955886.64,30353.3778243995,28938.6998559264,2.5441505112975,3687266505.51481,0.296168797044085,76.2851345038168,17.6387071181991,3.7018181858029,58.9568032482397,11.985,47.473,1244988176443.84
Italy,1996,1615228600000.0,1.34558477192847,1694189587392.1,29795.6597750915,28406.975336615,4.37278843048281,3548937154.07852,0.269927027891048,75.6462400121251,17.5849972712837,4.52255862922424,58.3932031579428,11.864,47.425,1314776508972.27
Italy,1995,1593782900000.0,2.88683671925843,1671695507214.02,29408.3209572297,28037.689194641,4.92524452957488,4843882770.49676,0.41141570812074,75.7695975925394,17.394685967757,3.65200774663109,58.727100054123,11.661,47.271,1177369428265.78
Italy,1994,1549063953000.0,2.15102367074849,1624790459614.85,28583.6255328648,27251.4302979765,3.54247355782648,2208555822.67644,0.200458861133579,77.1878795720066,18.6489669191549,3.27958932661995,58.868053411827,11.086,47.676,1101750159702.21
Italy,1993,1516444865000.0,-0.852805731913904,1590576776647.73,27987.4328969281,26683.0243746721,3.8859517545343,3738910087.76316,0.350277871082829,77.3823146998498,19.3378408862545,3.03197488292062,58.3539567735607,10.212,48.185,1067412587670.73
Italy,1992,1529488430000.0,0.834275417393798,1604257980661.49,28245.4271054692,26928.9942633854,4.36811567513007,3118551014.86546,0.235681738352231,78.0079644527946,19.4854992736461,0.0445655757495229,58.8347276932009,9.321,48.673,1323204350353.5
Italy,1991,1516833858000.0,1.53844759206665,1590984785699.92,28030.7653841073,26724.3372673506,7.58132865310601,2403349144.16847,0.192407628781535,77.2268838771039,19.6461478060239,0.193136261857005,57.8785176877715,10.097,50.689,1249092439519.28
Italy,1990,1493851732000.0,1.98577491758405,1566879170825.76,27625.1792306413,26337.6542421937,8.91406328223832,6440765876.2042,0.544008814945352,76.8644213813178,19.5579653563318,0.196672310420665,57.6027115811367,9.781,49.728,1183945130898.51
Italy,1989,1464764800000.0,3.38838350504491,1536370314479.62,27109.970559768,25846.4578693936,6.19738799570497,2191462723.60024,0.235438192947237,77.3168663396311,18.8678787005744,-0.0194076077813406,58.7726862083333,10.989,49.865,930801709003.669
Italy,1988,1416759553000.0,4.19437725054567,1486018315011.81,26241.1619056876,25018.1417255326,6.65040253993669,6789447588.54486,0.759731631080557,77.0025008802049,19.0578201244096,0.0447713740845609,58.2585524738288,10.973,50.114,893663934840.821
Italy,1987,1359727454000.0,3.19196062140115,1426198182881.34,25196.9881183266,24022.6336801124,6.00928293529807,4188118186.77518,0.518607364007332,77.0762019246884,18.6630716960339,0.404560447729819,58.7404835563256,10.719,50.04,807570134448.76
Italy,1986,1317668010000.0,2.85997186889063,1382082648970.97,24420.0802858599,23281.9351420604,7.48841786504084,-153004673.097472,-0.0238376159388179,76.5841730573598,17.9365821012998,1.24163355633664,58.9922386899426,10.535,50.412,641862313287.44
Italy,1985,1281030887000.0,2.79808575480784,1343654508026.34,23742.3854949723,22635.8256296076,9.17464253004685,1066817195.71957,0.235365520148509,76.8836518013353,18.241254507,-0.411021849049121,58.9809076439017,9.404,50.048,453259761687.456
Italy,1984,1246162200000.0,3.22585239030356,1307081253663.81,23102.8115427941,22026.0602603354,10.7618450140697,1313182671.6535,0.299200696000769,76.75862561199,18.0932996271297,-0.425454716427656,59.0070612408392,9.404,49.986,438896930791.272
Italy,1983,1207219094000.0,1.16920342741862,1266234400973.17,22385.8416028019,21342.5060931785,15.0967394318764,1194907474.96569,0.269084823048681,76.8813681820699,18.296529236693,0.475041288281841,58.9215579187304,8.531,50.149,444063496940.337
Japan,2022,559418491894000.0,0.941998775483285,4534320578755.85,36238.3294895302,4470877.45113808,0.399048968762756,48153832744.0586,1.12971840820326,76.9445643757605,21.5663525457355,-3.7201385890606,55.4967297406272,2.614,62.502,4262463317796.53
Japan,2021,554197953954000.0,2.69657404187188,4492005937826.88,35741.1601062924,4409539.54135511,-0.203835821828704,35027163875.7213,0.695100892094565,74.6953314807593,21.2457665716874,-0.520062350346241,53.4885112742857,2.808,62.053,5039148168861.22
Japan,2020,539646000000000.0,-4.16876457146743,4374056271824.01,34642.9718743239,4274051.36978164,0.933912186858549,62584719398.0912,1.23830386396694,75.0448256820212,20.9756766472836,-0.268842908128662,54.0692972800688,2.809,61.947,5054068005376.28
Japan,2019,563121196953000.0,-0.402169200894946,4564332550096.38,36043.7844013518,4446875.59287863,0.634803165679926,39960544340.0141,0.780785313301259,74.4996870467465,19.9451059201578,-0.289365253370252,54.5545811265887,2.351,62.008,5117993853016.51
Japan,2018,565395041674000.0,0.643391023533141,4582763011478.55,36138.5290824814,4458564.64876075,-0.000237506459967562,25289367857.8518,0.501685482403774,74.3383262960447,19.5636743323798,0.0199593949374998,54.7746699289169,2.467,61.446,5040880939324.86
Japan,2017,561780595749000.0,1.67533175173359,4553466417290.11,35861.9728545672,4424444.72599471,-0.0743495037964408,18802251208.1068,0.381319638034272,74.0255083867771,19.4117955495929,0.75966463739868,54.6136947563884,2.822,60.444,4930837369151.42
Japan,2016,552523985976000.0,0.753826745789127,4478437728050.46,35242.199377148,4347980.62557839,0.419944376171273,40954181468.5533,0.818481615264516,74.3587294250949,19.6572481017318,0.805691626531189,54.701499693404,3.132,59.986,5003677627544.24
Japan,2015,548390074920000.0,1.56062669680782,4444930651964.18,34960.6393843385,4313243.36697053,2.11129899321594,5252218412.39171,0.118161987748241,75.3885407995022,19.617744139153,-0.553888679174094,55.7707966603492,3.385,59.499,4444930651964.18
Japan,2014,539963264068000.0,0.296205514141889,4376627829634.98,34386.9058552671,4242459.41157799,1.68629478626745,19752249424.087,0.403354543401035,77.5577618824582,19.9261773555302,-2.59412387169894,57.6315845269279,3.589,59.443,4896994405353.29
Japan,2013,538368586628000.0,2.00510017681211,4363702302793.37,34239.8862473488,4224320.97475774,-0.354375054368859,10648441636.2071,0.204293384186424,77.9928311466509,19.854370134417,-2.41045518719656,58.1384610122339,4.038,59.245,5212328181166.18
Japan,2012,527785949619000.0,1.37475099905274,4277925608846.49,33518.4449368599,4135313.67964177,-0.756093119402436,546962692.190725,0.00872020150189608,77.6364519525163,19.9573325085164,-1.64136169121036,57.6791194439999,4.358,59.012,6272362996105.03
Japan,2011,520628602702000.0,0.0238095237995424,4219912322040.1,33011.1342301291,4072724.59147481,-1.62208025011698,-850717035.068238,-0.0136482744839263,77.105467516362,19.885399284228,-0.646036205929896,57.220068232134,4.55,59.249,6233147172341.35
Japan,2010,520504673018000.0,4.09791791943181,4218907820178.57,32942.2020783835,4064220.13756539,-1.88074195006213,7440979284.16285,0.12920448958805,76.0711418853775,19.2025962424431,1.33853420544671,56.8685654241306,5.102,59.579,5759071769013.11
Japan,2009,500014489647000.0,-5.69323635892741,4052826324003.77,31651.0837739562,3904929.35911814,-0.569564924513912,12226471578.7438,0.231146374633735,76.9478585617927,19.3337393097808,0.448964962104375,57.614119252012,5.068,59.864,5289493117993.89
Japan,2008,530200030562000.0,-1.22428900061713,4297492743392.88,33557.6454041595,4140150.00868323,-0.911530288396648,24624845329.5647,0.48220858946511,73.7888287720258,18.025030322619,0.341610211589549,55.7637984494068,4.002,60.155,5106679115127.3
Japan,2007,536771667040000.0,1.48396941157472,4350758602405.54,33990.0360341367,4193495.88706338,-0.705243547440887,21631204435.6846,0.472322726975046,72.4696016942537,17.6343087480996,1.76167668956688,54.8352929461541,3.888,60.395,4579750920354.81
Japan,2006,528922617190000.0,1.3723501275831,4287138774362.24,33531.518563066,4136926.62873277,-0.862018389191547,-2396909736.30511,-0.0520879011005226,72.6240922981138,17.595075361072,1.29837199455426,55.0290169370417,4.192,60.423,4601663122649.92
Japan,2005,521762212797000.0,1.80390087215821,4229100705435.58,33098.5474664881,4083509.13570942,-1.19401768045218,5459618342.94078,0.113001254131506,72.5458371548176,17.7438933244397,1.40183686637537,54.8019438303779,4.446,60.418,4831467035389.8
Japan,2004,512516915685000.0,2.18611569439318,4154163710039.3,32515.1158024695,4011528.67999624,-1.12476639982494,7527948175.22323,0.153847735604894,72.453616909227,17.7233548337375,1.90817582667502,54.7302620754895,4.734,60.42,4893116005656.56
Japan,2003,501552399954000.0,1.53512549946694,4065291729517.45,31830.217584972,3927029.86230602,-1.60770370769328,8771535612.31507,0.194079344432153,72.7335760196317,17.8364695899716,1.60547788550688,54.8971255147732,5.251,60.766,4519561645253.53
Japan,2002,493969350495000.0,0.0419624992862282,4003827945767.2,31416.1241772309,3875941.39036447,-1.39097861533203,11557373873.9418,0.276304070175932,72.8373716606604,17.7749067788644,1.26376914829906,55.062464881796,5.386,61.234,4182846045873.61
Japan,2001,493762155554000.0,0.386103426142029,4002148544212.9,31476.0520665746,3883334.94997208,-1.08487984814833,4926033619.1846,0.112602474486226,71.651049677243,17.2289905143177,0.593995454561699,54.4220591629254,5.02,61.993,4374711694090.87
Japan,2000,491863055445000.0,2.76464755136783,3986755544463.82,31430.631130325,3877731.17511412,-1.33626008992121,10688168325.6084,0.215124715468568,70.2179438595325,16.549191407008,1.36461682159555,53.6687711295312,4.748,62.443,4968359075956.59
Japan,1999,478630606113000.0,-0.333929957687772,3879501014656.82,30636.2661169604,3779726.97138142,-1.24105134732172,14780510030.706,0.318821542368846,70.3141193997234,16.216773574862,1.48544728642932,54.0973647617484,4.7,62.9,4635982224063.88
Japan,1998,480234252148000.0,-1.27033049466078,3892499235707.61,30795.0888900919,3799321.61509494,-0.0266802470036964,2512021924.4741,0.0612933042415228,68.6647502858355,15.6654067661838,1.74442597485095,52.9993248802324,4.1,63.3,4098362709531.24
Japan,1997,486413308739000.0,0.981228732290873,3942583070732.46,31276.1930771989,3858677.49303093,0.504460814115902,2486935040.42281,0.0553581188953659,67.9057535948239,15.3019416593352,0.98387365618401,52.6038119354887,3.4,63.7,4492448605638.94
Japan,1996,481686858880000.0,3.13387099272759,3904273220109.61,31046.1701544217,3830298.58282243,-0.445775393167921,-38203596.3353658,-0.000775960962533456,67.595447848158,15.1459373245418,0.37762194150781,52.4495105236162,3.4,63.5,4923391533851.63
Japan,1995,467050110932000.0,2.6309996164206,3785636263361.93,30171.1637924153,3722345.31155955,-0.523458983661911,41463070.0,0.000747679992747887,67.8235513459678,15.079728572976,1.24283593120193,52.7438227729919,3.2,63.4,5545563663889.7
Japan,1994,455077035864000.0,1.0833831743207,3688589488079.23,29466.7552451648,3635439.42117624,0.186808629259104,888384470.0,0.0177719633875045,67.4781436717301,14.7483119048313,1.86934802015439,52.7298317668987,2.9,63.6,4998797547740.97
Japan,1993,450199648620000.0,-0.459219716250544,3649056226895.55,29232.4397928009,3606530.92326302,0.52841064239108,210435440.0,0.00463826759403748,66.12716646138,14.3483678224167,2.10448886001089,51.7787986389633,2.5,63.8,4536940479038.25
Japan,1992,452276591902000.0,0.900586066438109,3665890719857.33,29462.6539671073,3634933.42898935,1.6772695911224,2755603980.0,0.0692240549951432,64.444269015545,13.7426283498214,2.01850122540172,50.7016406657236,2.2,64.0,3980702922117.66
Japan,1991,448239806659000.0,3.52335723553459,3633170889060.57,29308.2740881269,3615886.92409893,2.90457098654157,1284268820.0,0.0352041027838152,63.3154117597024,13.3603123526588,1.47289817302509,49.9550994070436,2.1,63.8,3648065760648.88
Japan,1990,432984225617000.0,4.84092905699353,3509518031563.1,28422.2131194472,3506569.79880626,2.56440413946022,1806039010.0,0.0566884199193586,63.7839422096614,13.3193263921511,0.764478096559014,50.4646158175103,2.1,63.3,3185904656663.85
Japan,1989,412991595469000.0,4.92578541317788,3347469412117.91,27199.9399695936,3355772.74105583,2.06904024637251,-1059696732.4809,-0.034079821582322,63.8116468268445,13.3367102251523,1.32799029170797,50.4749366016922,2.3,62.9,3109455047823.93
Japan,1988,393603530193000.0,6.66163652210332,3190321043522.53,26026.8648821365,3211045.45834489,0.609789282893544,-483800486.9218,-0.0154780274805173,64.02868035277,13.4700096288535,1.92991482820972,50.5586707239165,2.5,62.6,3125724434400.79
Japan,1987,369020711689000.0,4.64886139743521,2991067029860.74,24503.0845657844,3023050.17399176,-0.163785679558274,1177422254.1794,0.0456232867871164,65.2242728512376,13.8581145703011,2.71720697719899,51.3661582809365,2.8,62.6,2580748422781.09
Japan,1986,352627545834000.0,3.29404761349421,2858193572217.93,23527.7125188746,2902714.35960883,1.61202685996705,242107761.69,0.0114197259705999,65.2385088171305,13.9202706254351,3.60245199720888,51.3182381916954,2.8,62.8,2120083812109.91
Japan,1985,341382251912000.0,5.15980790450274,2767045767160.48,22898.9942415029,2825146.701027,1.26062059884478,608713150.2163,0.042656252379914,65.6462060433854,13.9959335513739,3.12748148990306,51.6502724920115,2.6,63.0,1427019759717.41
Japan,1984,324631870973000.0,4.41088015355157,2631276932032.13,21912.1518618966,2703395.74271962,1.42960589078571,-10000000.0,-0.000743038932177452,66.2811780884655,14.3078536311297,2.39601881477904,51.9733244573358,2.7,63.4,1345824500836.76
Japan,1983,310917665377000.0,3.63019857277,2520117566447.53,21122.9648423607,2606030.37019622,0.920750583911072,416000000.0,0.0327337414247951,67.0381829560359,14.5277976279808,1.50133794233513,52.5103853280551,2.6,63.8,1270859919742.9
"Korea, Rep.",2022,2212158900000000.0,2.72756456708991,1850343736945.76,35809.0138105144,42811088.0262214,1.80785031900311,25044700000.0,1.39186469730544,66.6699386323542,17.6379104489815,0.00457444041102832,49.0320281833727,2.857,64.206,1799363116866.52
"Korea, Rep.",2021,2153422900000000.0,4.61296795454287,1801214449834.76,34792.9397214598,41596331.387073,3.1805178629799,22060400000.0,1.13577953855347,64.135749875704,17.0244387167472,3.37133377280451,47.1113066583303,3.639,63.078,1942313560965.9
"Korea, Rep.",2020,2058466500000000.0,-0.700242317542106,1721788880530.99,33215.9298928108,39710953.9525042,1.58718957511546,8764900000.0,0.502554290313687,64.7896917438297,16.9828462110022,3.68544253695652,47.8068503908128,3.931,62.811,1744070276373.34
"Korea, Rep.",2019,2072982400000000.0,2.31380210595475,1733930596323.25,33496.3113815643,40046161.0782705,-0.624210765169693,9634300000.0,0.550202642546341,66.168821504598,16.06298714056,2.63559003374654,50.1058294635048,3.746,63.57,1751045752054.63
"Korea, Rep.",2018,2026102400000000.0,3.17611568177327,1694718171579.25,32852.8887488942,39276923.9495669,0.566582073981039,12182600000.0,0.66781363782051,64.5541634933578,15.1402621209188,4.197183372285,49.4138963898146,3.824,63.364,1824251454306.83
"Korea, Rep.",2017,1963732000000000.0,3.433191763972,1642548917819.59,31979.9027302467,38233234.740818,2.01882021582307,17912900000.0,1.04741749331971,63.5290644011564,14.5742094583287,4.50563915770476,48.9548601128333,3.653,63.479,1710196756713.17
"Korea, Rep.",2016,1898551100000000.0,3.17152748983935,1588028842393.05,31005.4072876388,37068187.0130197,2.0624563522338,12104300000.0,0.766507046338007,63.6913506874368,14.4415307448348,6.32625298509034,49.2498253980602,3.65,63.195,1579150518945.44
"Korea, Rep.",2015,1840189000000000.0,2.92029267301234,1539212301135.55,30171.7906545222,36071565.4570806,3.22846300743112,4104100000.0,0.266636382581676,64.1397055106458,14.3464638758806,6.54808545154575,49.7932416347652,3.546,63.175,1539212301135.55
"Korea, Rep.",2014,1787974900000000.0,3.21468019683108,1495538208413.16,29470.6732991655,35233352.0123955,1.05128607800876,9273600000.0,0.595893048504325,65.5696226171888,14.4870309446874,4.64098293740656,51.0825916725013,3.082,62.909,1556252422020.44
"Korea, Rep.",2013,1732287400000000.0,3.2913959543442,1448958816285.78,28732.711152033,34351089.1662841,1.07703832086861,12766600000.0,0.889863368558993,65.8007870710637,14.2597016228901,4.30019462255103,51.5410854481736,3.067,62.1,1434669686501.84
"Korea, Rep.",2012,1677087800000000.0,2.54766550568242,1402787524457.73,27944.0564190045,33408221.3348314,1.29208290653879,9495900000.0,0.711120351080011,66.2552508878833,14.0026335270874,2.52979033798748,52.2526173607959,2.812,61.714,1335343586437.67
"Korea, Rep.",2011,1635422700000000.0,3.6880320602952,1367937063745.25,27393.455357272,32749956.0543103,1.27525816333896,9773000000.0,0.747683727442323,65.8566318526972,13.7084319244367,0.882025073458368,52.1481999282606,2.992,61.531,1307103477219.1
"Korea, Rep.",2010,1577253100000000.0,6.98166138853071,1319281537670.41,26623.0487122927,31828904.5316764,2.71891067295891,9497400000.0,0.796207328344812,64.7048968864778,13.5041083461487,2.51585366507856,51.200788540329,3.324,61.362,1192830015737.68
"Korea, Rep.",2009,1474321000000000.0,0.81986175641795,1233184753860.86,25009.9148311999,29900339.3679727,3.50170169282846,9021900000.0,0.917731561520283,66.497024031202,13.9553200396238,3.89662914724742,52.5417039915781,3.363,61.283,983065242417.36
"Korea, Rep.",2008,1462331900000000.0,3.00440451679569,1223156560996.14,24934.5396367691,29810225.3508471,2.93895100382002,11187500000.0,1.02488987542862,66.6602381483407,13.3680401279198,-0.38905282072439,53.2921980204209,2.959,61.968,1091580692542.34
"Korea, Rep.",2007,1419679000000000.0,5.8419633918717,1187479862374.9,24391.7651013448,29161316.9911419,2.5110302298786,8826900000.0,0.722975995794071,65.9661309817457,12.8258089855345,0.75902040763082,53.1403219962112,3.013,62.444,1220911904593.06
"Korea, Rep.",2006,1341319600000000.0,5.24500550580342,1121936729365.41,23162.1860111297,27691306.7042083,-0.16319979295487,9161900000.0,0.836569086676283,66.4278230313546,12.8064371013535,0.516485614105957,53.6213763666925,3.254,62.521,1095175538508.19
"Korea, Rep.",2005,1274473400000000.0,4.35823667337156,1066023726231.41,22123.7613066851,26449829.023035,1.13793414953496,13643200000.0,1.403996477148,65.1445900748159,12.3342666695472,2.08487849630543,52.8103234052687,3.482,62.554,971740329983.878
"Korea, Rep.",2004,1221248500000000.0,5.1836368597334,1021504157422.6,21244.8136800528,25399012.476863,3.26083266403592,13294400000.0,1.61486572889407,63.9385829856505,11.8856980801376,3.29279711964965,52.0528849055129,3.42,62.692,823251107638.814
"Korea, Rep.",2003,1161063200000000.0,3.07472661826947,971162614185.718,20278.0406421178,24243197.1883598,3.56474323602103,7010000000.0,0.962229414316563,66.1430928271121,11.6926460752812,1.4652050095921,54.4504467518309,3.348,61.885,728516494684.269
"Korea, Rep.",2002,1126428600000000.0,7.74399895319569,942192762521.074,19775.3800655139,23642246.6481922,3.00966169672061,5475100000.0,0.842304427693724,67.5941627007715,11.3173666243086,1.06928534204662,56.2767960764629,3.046,62.447,650014391470.21
"Korea, Rep.",2001,1045467600000000.0,4.72593560322356,874473540684.493,18460.4288193829,22070170.5824789,3.54062041805084,6522300000.0,1.14917273381718,66.8177787761843,11.3505361029289,1.29800739187832,55.4672426732554,3.699,61.879,567564806235.441
"Korea, Rep.",2000,998289100000000.0,9.2018583880479,835011437852.054,17763.1353417297,21236528.734371,0.933486070759599,11509400000.0,1.92630076608706,65.1665762462844,10.5657622556615,1.66978772372385,54.6008139906229,4.063,61.568,597487173479.109
"Korea, Rep.",1999,914168600000000.0,11.6172629559591,764649475913.54,16402.9168341094,19610333.8725753,-1.35179401181682,10726300000.0,2.07996136312975,63.471568385499,10.7751603285306,5.12966478667257,52.6964080569684,6.472,60.596,515697079289.011
"Korea, Rep.",1998,819020800000000.0,-4.9389297463141,685063811513.859,14800.5091573641,17694592.309123,4.49828009331988,5989200000.0,1.50748602088878,61.5789451942925,11.1137672240493,10.1447968693229,50.4651779702432,6.811,60.617,397297216492.19
"Korea, Rep.",1997,861573300000000.0,6.2821926537929,720656531307.353,15682.2717905189,18748774.3065937,3.86063921905171,3301100000.0,0.560265757859919,63.5573111246704,9.96132038779523,-0.949166996727933,53.5959907368752,2.576,62.502,589202526424.141
"Korea, Rep.",1996,810646900000000.0,7.99042982526839,678059525601.662,14894.3278834104,17806756.2955576,3.98297329084998,2782600000.0,0.440845029462251,63.5605524093268,10.1106331154125,-3.31150973554085,53.4499192939143,2.004,62.106,631196863758.281
"Korea, Rep.",1995,750665500000000.0,9.7358937505409,627888532992.027,13924.3044000347,16647054.9713591,7.03173595385846,2487100000.0,0.424212416592601,61.8302468159751,9.74337834936025,-1.21502802711532,52.0868684666148,2.016,61.935,586286469400.665
"Korea, Rep.",1994,684065600000000.0,9.3718357757101,572181545647.577,12817.2447824958,15323521.5451797,8.09441212594737,1136600000.0,0.237195989855495,61.7969353495589,9.94795798196659,-0.727850583615544,51.8489773675923,2.405,61.596,479181794216.859
"Korea, Rep.",1993,625449500000000.0,6.99471791742556,523152547993.21,11837.4692053797,14152161.2083713,6.2566421376994,832300000.0,0.205148908372788,61.4846469099438,10.394604231934,0.295933213735821,51.0900119699872,2.777,60.892,405705302846.447
"Korea, Rep.",1992,584561100000000.0,6.35159199606441,488951752176.177,11176.560685871,13362019.0124514,7.74737494052893,1001600000.0,0.272974074363194,61.5244028887289,10.6843938675606,-0.684268185648941,50.8400090211683,2.393,60.893,366921291824.719
"Korea, Rep.",1991,549649600000000.0,10.8749739277708,459750289581.251,10618.8431439122,12695245.6992038,9.06327863975756,1455200000.0,0.426930229868274,60.6051889685312,10.3743765624694,-2.31476499300502,50.2308124060618,2.291,60.599,340851946803.812
"Korea, Rep.",1990,495738200000000.0,10.0248996213899,414656502991.157,9672.57845182894,11563948.9468485,10.0578632041566,1045600000.0,0.358003453838808,60.6584214024689,10.6077713695246,-0.853213592204829,50.0506500329443,2.449,60.023,292064221388.988
"Korea, Rep.",1989,450569100000000.0,7.16501737923842,376875147732.962,8878.29655251462,10614353.6162115,5.98441467966366,1389600000.0,0.546578246694363,60.8893879855941,10.3960320640343,1.62212287151657,50.4932973421343,2.566,59.547,254236243100.439
"Korea, Rep.",1988,420444200000000.0,12.1331951107172,351677400843.66,8367.04656522944,10003134.096878,7.03460379577081,1293100000.0,0.629314551421388,58.3121257908334,9.59173068849497,5.93964216970957,48.7203951023385,2.514,58.462,205477530605.222
"Korea, Rep.",1987,374950700000000.0,12.8922089918574,313624703636.085,7535.12660432782,9008540.97947488,4.90101381724442,838600000.0,0.550839353419363,60.1212188967324,9.6532724310857,6.25882390519692,50.4679464656467,3.075,58.275,152240393645.506
"Korea, Rep.",1986,332131600000000.0,11.50298504807,277808988270.135,6740.69941617276,8058771.9502998,5.04954493314953,682500000.0,0.568911377423885,62.8786367139662,9.92240731196422,3.5394748663051,52.956229402002,3.81,57.1,119965960795.24
"Korea, Rep.",1985,297867900000000.0,7.93879547760545,249149373131.462,6105.74268983951,7299656.1464484,4.03181849996234,355300000.0,0.342410698184477,65.8844445429068,10.2658484442328,0.904327791131739,55.6185960986741,3.982,56.595,103764281280.89
"Korea, Rep.",1984,275960000000000.0,10.6366054976723,230824674324.955,5712.63984757483,6829686.19774768,4.52083994123487,223300000.0,0.223860445620294,66.425484913391,10.2313802462318,0.26916828988579,56.1941046671592,3.796,55.831,99749645088.5994
"Korea, Rep.",1983,249429200000000.0,13.4668057465528,208633185451.276,5227.53893142287,6249728.92406023,4.86555469733847,184300000.0,0.205643288513956,68.9561083662359,10.8121714240509,-2.28038001539048,58.143936942185,4.055,57.676,89621208322.3386
Norway,2022,3713639978000.0,3.24622860260932,434497344228.607,79620.1635455079,680511.921016315,28.4167851922932,14278134699.4272,2.39446435427431,50.4320758847391,18.0964798823633,28.3901617068484,31.6790527664421,3.231,65.727,596297651035.798
Norway,2021,3596877124000.0,3.90868676830634,420836044191.958,77812.7115614383,665063.665611502,20.2134754937489,18355008694.1956,3.64643942475354,60.0620592696784,22.4493406578412,14.8498900653133,37.6127186118372,4.359,65.966,503367986030.268
Norway,2020,3461575000000.0,-1.27817177234034,405005642242.722,75287.2059527598,643478.220458316,-2.51726060256269,-3281320956.65563,-0.892552414465765,69.5811588655453,26.1340574738378,-0.933303481796581,43.4471013917075,4.424,63.805,367633418886.627
Norway,2019,3506392722000.0,1.12374694968757,410249333418.695,76712.2871160349,655658.360222413,-0.548437002455742,16329824317.6769,3.99513402641071,68.0024976806655,24.1035080681146,2.38603011395529,43.8989896125509,3.684,67.115,408742840909.091
Norway,2018,3467427610000.0,0.828931500516902,405690399924.369,76373.6474606092,652764.013964076,6.74292460193486,-5664319361.82195,-1.28796404191648,65.834242255383,23.112939424551,6.43885878720488,42.721302830832,3.801,70.064,439788625883.8
Norway,2017,3438921308000.0,2.46374626574153,402355151331.034,76247.4116445341,651685.079007491,4.08094936089482,5900604723.78859,1.46874278067631,68.091389282848,23.8057622649674,4.35574822688313,44.2856270178806,4.164,69.725,401745275035.261
Norway,2016,3356232261000.0,1.16472423928819,392680500171.757,75017.4944769055,641173.001951087,-1.59809716772187,-18668572814.4236,-5.03254975124343,69.5141421710603,24.2188229593057,2.75950045490503,45.2953192117547,4.68,70.518,370956547619.048
Norway,2015,3317591469000.0,1.85733971623901,388159512245.53,74809.9658049898,639399.258606404,-2.8044681119864,7274086872.47209,1.87399423252337,66.362669530823,23.0978508285298,6.71852092992646,43.2648187022931,4.296,70.995,388159512245.53
Norway,2014,3257096129000.0,2.04813200438943,381081533571.259,74180.3238731011,634017.721800378,0.258332843210994,3242240088.15461,0.646203788277674,62.4720726578986,21.7227596135843,10.3179668641928,40.7493130443143,3.486,70.889,501736471832.848
Norway,2013,3191725380000.0,1.01619084044641,373433130118.312,73515.9144917472,628339.028309778,2.55323890073117,-1368607170.8397,-0.260184320751091,60.9225537037247,20.9790524328269,11.7498264751232,39.9435012708978,3.425,71.115,526014468085.106
Norway,2012,3159617635000.0,2.71795924894734,369676511271.49,73661.6785830334,629584.871038042,3.35308931885166,27897968327.9334,5.44056216851406,60.0522882039448,20.6096915874254,14.0755768698279,39.4425966165194,3.129,71.42,512777309840.997
Norway,2011,3076012859000.0,1.10565603382983,359894719457.521,72660.6754124944,621029.31726632,6.67278999506433,10296323075.6965,2.05367635776007,60.8301846772641,20.790418547942,13.7237987151989,40.0397661293221,3.196,71.314,501360549669.404
Norway,2010,3042374660000.0,0.787051861494078,355959036888.204,72804.3956188398,622257.690951499,5.95536132115183,21634265662.593,5.01894398780264,62.9503279980317,21.2265832895452,12.0611387870579,41.7237447084865,3.527,71.85,431052143940.438
Norway,2009,3018616582000.0,-1.94036472596633,353179332378.308,73141.3073299889,625137.268505192,-5.11594397846726,8635762892.0964,2.2258474686508,63.5484434228302,21.4990129982555,12.155983984995,42.0494304245747,3.1,72.678,387976400617.019
Norway,2008,3078347756000.0,0.481919549757933,360167903328.752,75535.2118003041,645597.921401146,10.5663830250037,20578219685.1148,4.42620837691604,56.5660044200623,18.400463744239,17.6509218632908,38.1655406758233,2.521,73.763,464917553191.489
Norway,2007,3063583747000.0,2.91404000653228,358440508444.307,76115.7066768285,650559.399322978,3.07766198360923,24806091102.6883,6.16081120360736,58.9520518402457,18.6493453448771,13.973079950885,40.3027064953686,2.493,72.642,402643260487.572
Norway,2006,2976837511000.0,2.46147311635166,348291164569.533,74729.7365961068,638713.541187257,8.73218826077158,11877923790.1756,3.42386990722308,58.6558951058286,18.5676383035241,17.4147175274432,40.0882568023045,3.397,71.854,346915160681.708
Norway,2005,2905323748000.0,2.68512290339085,339924026052.237,73524.2549197612,628410.313778648,8.76300412815026,10058759829.6279,3.24498545607206,61.16306307795,19.3734517687955,16.4146683311326,41.7896113091545,4.381,72.193,309978579743.888
Norway,2004,2829352165000.0,4.01458802387079,331035320834.205,72090.9862854901,616160.195866208,5.8502058145735,4918494986.32395,1.85415606218434,64.9421208719982,20.7439309264519,13.548340913908,44.1981899455463,4.256,72.559,265268662473.297
Norway,2003,2720149374000.0,0.944909363247831,318258551154.607,69719.3122573679,595889.546108255,2.86082331453711,4179380423.17369,1.82199004812861,67.5478343323513,21.9413888965855,13.0238686776328,45.6064454357658,4.221,72.806,229385469337.024
Norway,2002,2694687024000.0,1.37755702173065,315279446147.563,69472.9836807311,593784.180765813,-1.52020673574917,3011752930.34114,1.53727647022863,66.2490370138318,21.6263198105035,13.4207506337328,44.6227172033283,4.022,74.111,195914852576.467
Norway,2001,2658070586000.0,2.06713043546189,310995308438.91,68899.5268987833,588882.857295407,1.71264028143435,3190216069.0008,1.83093887486593,62.6378367889868,20.0319395828706,16.8120032577864,42.6058972061163,3.738,73.853,174239354070.977
Norway,2000,2604237598000.0,3.31894570142394,304696827580.115,67846.5968643534,579883.485672462,15.3333099280118,8332062185.99552,4.85955800743045,61.2687293092983,18.8635586549089,16.9130334523421,42.4051706543894,3.458,73.796,171457201935.968
Norway,1999,2520580887000.0,2.0720471690145,294908959350.633,66094.7354532983,564910.361766355,6.62302293954909,5822113545.61374,3.58540501893468,68.154537479579,21.0120627290335,7.26645784361643,47.1424747505454,3.247,73.519,162383706021.13
Norway,1998,2469413475000.0,2.66868660973638,288922351936.679,65197.9463077391,557245.523149912,-0.692592263825247,5645870320.85841,3.66067530056801,69.8614657084447,21.3569331166649,1.88651032970319,48.5045325917797,3.737,73.864,154230295158.447
Norway,1997,2405225543000.0,5.28460660979037,281412338539.918,63882.4765019539,546002.229432458,2.78571067727167,4514609379.62998,2.79790754603139,66.8826992832986,19.9780083060262,7.91832407520984,46.9046909772723,4.687,72.727,161356631888.484
Norway,1996,2284498770000.0,5.02791307591366,267287258414.612,61005.8800362747,521416.017853915,4.26154643477965,3827495491.09076,2.34068795022881,68.4358739020283,20.365004475325,8.66326213268201,48.0708694267033,5.036,71.067,163520109150.671
Norway,1995,2175134879000.0,4.1556430062232,254491639971.383,58380.568466801,498977.533180522,3.06141926601636,2392766980.23558,1.57388218232366,69.8561369191123,20.9626242552988,5.93819369602279,48.8935126638135,6.307,69.419,152029612324.788
Norway,1994,2088350488000.0,5.0552739968782,244337831946.54,56343.0105353048,481562.566915701,-0.155997762594581,2736393919.77787,2.15241526012205,71.127633347525,21.625046531482,5.85349326045816,49.5025868160429,5.415,68.515,127131319428.701
Norway,1993,1987858780000.0,2.8451826884301,232580262418.62,53938.0213035278,461007.172788626,2.2929203616327,991524094.747358,0.822301012103941,71.7077721442926,21.9735539238322,6.1364202286413,49.7342182204603,5.944,68.106,120579213712.804
Norway,1992,1932865233000.0,3.5744589537378,226145995698.43,52758.9452546391,450929.633741687,-0.639759774483579,-668114802.999061,-0.510642625534553,71.8834130905075,21.9519784329714,6.48105444272672,49.9314346575361,5.915,68.399,130838040067.584
Norway,1991,1866160106000.0,3.08443862114596,218341469492.435,51233.0361206278,437887.719359171,2.2118006261999,-353675743.891887,-0.290201519589199,70.0974702785896,21.0059145385255,7.58954393630069,49.0915557400641,5.467,68.48,121872464483.487
Norway,1990,1810321840000.0,1.93229130670601,211808370315.601,49937.4557649197,426814.420367641,3.8115722249412,1001987071.60056,0.836440149854176,69.1653519785667,20.2841593308627,6.06885809503361,48.881192647704,5.229,69.47,119791843059.572
Norway,1989,1776004264000.0,1.03825236584341,207793200368.946,49159.7036147631,420166.98853368,5.61226798095311,1510287425.14685,1.47152833428254,69.1302728057846,20.0207158541197,3.22351672791109,49.1095569516649,4.83,69.75,102633934390.615
Norway,1988,1757754338000.0,-0.255186919919623,205657951818.644,48855.8114000191,417569.627945251,4.86852369263163,280910586.824811,0.275672097857695,70.2030164858662,19.931364104541,-0.845977316122659,50.2716523813252,3.02,71.08,101900260856.222
Norway,1987,1762251373000.0,1.75355822215437,206184106689.869,49244.9928264122,420895.953693719,7.22119015720193,190047506.051317,0.201684912600098,70.7190718158249,19.9775073479147,-2.41764507603083,50.7415644679102,2.03,71.27,94229907235.6215
Norway,1986,1731881817000.0,4.04211219801826,202630856642.591,48623.384680685,415583.081494877,-0.550799436950129,1018718111.85879,1.29454536455034,70.4931329823066,19.0195424737761,-3.61772914117599,51.4735905085305,1.79,70.37,78693118044.0045
Norway,1985,1664596941000.0,5.55340495751861,194758499574.609,46901.3242994389,400864.666385391,5.19792260990303,-424225256.616571,-0.648495093577901,65.2803510656079,17.8959178665794,7.01491104227937,47.3844331990285,2.32,68.82,65416879914.3907
Norway,1984,1577018706000.0,6.05238132229337,184511811488.215,44567.0046750609,380913.283957702,6.21006191022042,-177399975.797689,-0.285861781465399,63.7295009141418,18.1858926011775,8.53863680338647,45.5436083129642,2.9,68.27,62057955032.7758
Norway,1983,1487018666000.0,3.97300737987926,173981771260.263,42142.3366692884,360189.695748894,6.96215826601228,332396807.781831,0.539366688008716,65.8355146255924,18.954002717627,7.58889553593072,46.8815119079654,2.04,68.11,61627240831.0948
United States,2022,23216087697000.0,2.51237531986017,21339074561820.0,63886.1317069841,69505.6400892456,7.12948085418195,416890000000.0,1.62816817042838,83.0208882571507,13.9429723365358,-3.74513047688775,68.3922996897461,3.65,62.236,25604848907611.0
United States,2021,22647107361000.0,6.05505293244555,20816096100824.5,62680.2503585805,68193.6878274167,4.38483807578484,477956000000.0,2.04998648308338,83.590661202502,14.4381701420122,-3.68872411908149,68.8093869489937,5.349,61.659,23315080560000.0
United States,2020,21354105000000.0,-2.16302914036166,19627632559934.5,59194.6665172031,64401.5074354212,0.67870182942977,137066000000.0,0.650821071352324,82.6501356040516,15.0912418134706,-2.97335193646103,67.4544706878335,8.055,61.746,21060473613000.0
United States,2019,21826212333000.0,2.58382533412825,20061570168697.6,60750.9898621637,66094.7270339009,1.50677251688072,315984000000.0,1.47787452846554,81.6127332207886,14.1009184202812,-2.70001704686905,67.4319727956102,3.669,63.1,21380976119000.0
United States,2018,21276465624000.0,2.96650506901305,19556270302218.3,59526.665698712,64762.7097026944,2.3830537225445,214715000000.0,1.0457039920427,81.7909030536095,13.9274534549159,-2.88840084059665,67.863454468889,3.896,62.871,20533057312000.0
United States,2017,20663482372000.0,2.45762229852507,18992846546661.7,58151.7021391854,63266.8025355082,1.68508382434676,380823000000.0,1.95521086285051,82.1793059833008,13.9429433442707,-2.78954465171931,68.2363626390301,4.355,62.851,19477336549000.0
United States,2016,20167833206000.0,1.81945147788167,18537270454435.6,57151.4708448372,62178.5895776501,0.85147588450198,474388000000.0,2.53749765919682,82.2686911566587,14.1928765356073,-2.69199794670038,68.0758146210514,4.869,62.786,18695110842000.0
United States,2015,19807446331000.0,2.94555045484053,18206020741000.0,56572.9188996063,61549.1474404647,0.765879740073601,511434000000.0,2.80914762910409,81.8488906059629,14.3028948337723,-2.87992641258081,67.5459957721906,5.28,62.651,18206020741000.0
United States,2014,19240701753000.0,2.52381981363968,17685097277697.8,55394.4510435329,60267.0199978976,1.63535305156384,251856000000.0,1.43502130688419,82.2573647110664,14.5992974323344,-2.89960272168766,67.6580615809471,6.168,62.885,17550680174000.0
United States,2013,18767055098000.0,2.11783009790057,17249744800617.5,54462.6252412407,59253.2295693731,1.47598650286378,288131000000.0,1.71066753395925,82.6386045600546,15.0253298264668,-2.84063156559137,67.6132747335878,7.375,63.249,16843190993000.0
United States,2012,18377843595000.0,2.28911338669843,16892000920975.5,53738.1476714593,58465.0259972909,1.86220422011765,250345000000.0,1.54020811932936,83.4430058577749,15.4758416244692,-3.39373657217083,67.9671580809635,8.069,63.701,16253972230000.0
United States,2011,17966568471000.0,1.56440685763506,16513977256911.2,52956.6630340962,57614.8009407956,2.0631285696588,263497000000.0,1.68911277121237,84.6820399422419,16.098427999507,-3.71555193417392,68.5836119427349,8.949,64.109,15599728123000.0
United States,2010,17689827595000.0,2.69519257744442,16259610790677.0,52555.7695134023,57178.6442974217,1.21525703756249,264039000000.0,1.75453268550496,84.8650021569551,16.6858457892174,-3.53717361736628,68.1791497227621,9.633,64.706,15048964444000.0
United States,2009,17225565434000.0,-2.57650022958367,15832884074310.8,51611.3217087719,56151.1216185906,0.616794207923618,161083000000.0,1.11260034220261,85.126348418683,16.8076950275681,-2.8950899302549,68.3186464841145,9.254,65.37,14478064934000.0
United States,2008,17681119519000.0,0.113587249881704,16251606759787.8,53442.7136899777,58143.6052532525,1.92668919011163,341092000000.0,2.30937902080946,83.978621018164,15.9340733958399,-5.01610106518512,68.0445476223241,5.784,65.994,14769857911000.0
United States,2007,17661058808000.0,2.00385829784946,16233167950743.9,53889.3964951775,58629.5788669731,2.70922136624263,346613000000.0,2.39469093772646,82.5268670886571,15.1892879283282,-5.08443735772705,67.3375791603289,4.622,66.04,14474226905000.0
United States,2006,17314108606000.0,2.78453963650701,15914268559668.9,53335.5896950225,58027.0584904523,3.08384885691085,298463000000.0,2.16033528740671,82.1549532619973,15.0044511883738,-5.69250516072971,67.1505020736235,4.623,66.179,13815586948000.0
United States,2005,16845051471000.0,3.48354993555606,15483134541390.2,52393.4513113092,57002.0483722473,3.13549555899142,142344000000.0,1.09166213272067,82.2987120693801,15.047143394,-5.67444356856831,67.2515686753801,5.084,66.047,13039199193000.0
United States,2004,16277999239000.0,3.84777169556921,14961928297813.8,51098.5573007417,55593.2537771226,2.68913538808953,213641000000.0,1.74869134454691,82.5384344552296,15.158309850606,-5.19056210148016,67.3801246046236,5.529,65.994,12217193198000.0
United States,2003,15674866175000.0,2.79560596320081,14407558345762.9,49662.7520549839,54031.1532087611,1.97419763134899,117106000000.0,1.02218472001084,82.8104219970539,15.2436331781727,-4.55599564098558,67.5667800901678,5.989,66.244,11456442041000.0
United States,2002,15248576073000.0,1.70044732643726,14015733659783.6,48729.1586442625,53015.4396906393,1.5540332709749,111055000000.0,1.01613919132561,82.3009153353562,15.0590355024837,-4.02361108180165,67.2418798328725,5.783,66.582,10929112955000.0
United States,2001,14993617505000.0,0.955538348341605,13781388409036.2,48361.0167607073,52614.9155615916,2.25173732242698,172496000000.0,1.63009964802286,81.3835678739782,14.5356379493206,-3.5602863376175,66.8479299246576,4.731,66.824,10581929774000.0
United States,2000,14851703780000.0,4.07758575682804,13650948362520.0,48379.7551705781,52635.3022267023,2.2651288147518,349125000000.0,3.40578256861876,80.0391046994012,14.0239517400802,-3.71744154893307,66.015152959321,3.992,67.074,10250947997000.0
United States,1999,14269838863000.0,4.78842504725272,13116127034705.4,47004.469017723,51139.044090453,1.41511088107644,312449000000.0,3.24414224201686,79.2757415901906,14.0317985261662,-2.69489458732617,65.2439430640244,4.219,67.083,9631174489000.0
United States,1998,13617762512000.0,4.48313335374613,12516770844481.1,45374.6215189233,49365.8330566169,1.1238500628244,211150000000.0,2.32984922894518,78.8370222236529,13.9868964790694,-1.79536868525171,64.8501147104881,4.511,67.086,9062818202000.0
United States,1997,13033455329000.0,4.44712793566428,11979704707077.8,43936.9050018073,47801.6530989485,1.72447709809653,122150000000.0,1.42406557267981,78.7790743139551,14.2293238255567,-1.18881203857334,64.5497504883984,5.0,67.204,8577554457000.0
United States,1996,12478519598000.0,3.77277269119453,11469635349338.5,42575.6896936773,46320.7034974795,1.83076455410848,97660000000.0,1.20969310261879,79.4919734893143,14.5283200229106,-1.19380086167408,64.9636658531854,5.451,66.868,8073122000000.0
United States,1995,12024849365000.0,2.6844307317787,11052644207040.4,41507.9135604158,45159.0043676158,2.09668849018388,69080000000.0,0.904218188320061,79.9022716584013,14.9447710913016,-1.17493388853482,64.9575005670998,5.65,66.718,7639749000000.0
United States,1994,11710489389000.0,4.02902272983438,10763700132799.0,40907.0184352707,44505.2537149503,2.13519841735091,55940000000.0,0.767643589421284,79.9900812873358,15.2060534337024,-1.26916433061863,64.7840278536334,6.119,66.658,7287236000000.0
United States,1993,11256944535000.0,2.75179586709815,10346824232649.6,39807.8795034206,43309.4330733806,2.37032483115907,50230000000.0,0.732369583756588,80.5566300442994,15.6452689260237,-0.950257918609434,64.9113611182757,6.9,66.3,6858559000000.0
United States,1992,10955472301000.0,3.52249717301392,10069725930661.5,39256.0481325055,42709.0618874603,2.27885435686852,30310000000.0,0.464853986617542,80.4551980291786,16.0786874646011,-0.532764691096014,64.3765105645775,7.5,66.4,6520327000000.0
United States,1991,10582697095000.0,-0.108312882368935,9727089478755.8,38449.8815276871,41831.9838051079,3.38181132928619,34550000000.0,0.56104703230478,80.3540490951066,16.3175698333049,-0.464637879459816,64.0364792618018,6.8,66.2,6158129000000.0
United States,1990,10594171948000.0,1.88596558187626,9737636593624.97,39009.3725082423,42440.6883500319,3.74332910290993,71230000000.0,1.19450410722934,79.7763730005514,15.9007731491978,-1.30560321870476,63.8755998513536,5.6,66.5,5963144000000.0
United States,1989,10398067965000.0,3.67223784383981,9557387553833.15,38722.252151711,42128.3125083563,3.92075947277246,75780000000.0,1.34324072334346,79.0237132150922,15.6237968795976,-1.53753026634383,63.3999340610255,5.3,66.5,5641580000000.0
United States,1988,10029751630000.0,4.1769823865164,9218849474658.13,37705.0600397471,41021.6468370014,3.52749987057291,56910000000.0,1.08680748249096,79.2612650049518,15.6681698513379,-2.08905366586981,63.5930760566629,5.5,65.9,5236438000000.0
United States,1987,9627608134000.0,3.45462966856461,8849219149441.71,36523.4044857245,39736.0513023703,2.47738846284705,63235000000.0,1.30241400226355,79.3615112821986,16.0012069496407,-2.98174231213242,63.3603043325579,6.2,65.6,4855215000000.0
United States,1986,9306116280000.0,3.46265505694664,8553719807215.75,35620.759359254,38754.0083203891,2.013892531929,30946000000.0,0.675731298001957,79.1388432823518,16.1145952588757,-2.87946779991663,63.0242480234761,7.0,65.3,4579631000000.0
United States,1985,8994662156000.0,4.16957534699196,8267446647785.83,34748.2668742364,37804.7702459609,3.16252525564687,9630000000.0,0.221941613453303,78.4394208868031,15.9171086101131,-2.62776104701129,62.52231227669,7.2,64.8,4338979000000.0
United States,1984,8634634562000.0,7.23645316474058,7936527167598.33,33654.3079300258,36614.5852305735,3.6078793071034,25230000000.0,0.624874152128993,77.4484330221841,15.7203773615748,-2.54425077391023,61.7280556606094,7.5,64.4,4037613000000.0
United States,1983,8051958366000.0,4.58379098362749,7400960152426.85,31656.1736604625,34440.6924360115,3.91690878731939,11500000000.0,0.316452387124185,79.1680769436093,16.3837857501765,-1.42106384137975,62.7842911934328,9.6,64.0,3634038000000.0
